1,20,A
2,20,C
3,20,A
4,20,G
5,20,U
6,20,A
7,2,A
8,2,G
9,19,U
10,1,U
11,2,G
12,1,C
13,1,G
14,1,A
15,18,G
16,19,C
17,1,C
18,0,G
19,0,G
20,0,C
21,0,G
22,18,U
23,0,U
24,1,G
25,1,U
26,1,G
27,1,A
28,19,A
29,19,U
30,1,G
31,1,C
32,2,A
33,1,C
34,0,G
35,1,U
36,0,G
37,1,U
38,1,U
39,0,U
40,0,U
41,1,C
42,0,G
43,0,C
44,0,U
45,0,U
46,20,A
47,20,A
48,19,C
49,0,U
50,0,C
51,20,A
52,20,C
53,20,C
54,0,U
55,0,G
56,0,G
57,0,G
58,20,C
59,20,G
60,20,A
61,20,A
62,20,U
63,0,C
64,0,C
65,0,C
66,0,A
67,20,A
68,20,A
69,1,G
70,1,A
71,20,C
72,20,C
73,20,A
74,1,A
75,1,A
76,1,G
77,19,C
78,19,A
79,19,A
80,19,A
81,20,C
82,19,C
83,19,A
84,19,U
85,20,U
86,20,A
87,20,A
88,20,A
89,20,C
90,19,U
91,19,C
92,19,A
93,19,C
94,1,A
95,2,U
96,2,A
97,2,A
98,2,A
99,20,A
100,20,C
101,20,A
102,20,A
103,20,U
104,20,A
105,20,C
106,20,A
107,20,A
108,2,U
109,2,U
110,2,U
111,2,A
112,2,U
113,20,A
114,20,A
115,20,A
116,20,A
117,20,A
118,2,C
119,2,G
120,2,A
121,2,A
122,2,A
123,2,A
124,1,C
125,1,A
126,1,C
127,18,U
128,0,G
129,0,U
130,0,G
131,0,U
132,18,U
133,0,G
134,1,U
135,0,G
136,0,C
137,0,A
138,0,U
139,20,C
140,0,A
141,0,A
142,0,U
143,0,C
144,0,A
145,0,A
146,0,U
147,0,A
148,0,U
149,0,A
150,20,G
151,20,U
152,20,A
153,20,A
154,0,U
155,0,A
156,0,U
157,0,A
158,0,U
159,0,U
160,0,G
161,20,A
162,0,A
163,0,U
164,0,U
165,20,A
166,20,C
167,20,A
168,20,U
169,20,C
170,20,C
171,20,A
172,20,U
173,20,A
174,20,C
175,20,A
176,20,A
177,20,A
178,20,A
179,0,C
180,0,A
181,0,G
182,0,A
183,0,A
184,0,A
185,20,C
186,20,A
187,20,A
188,20,A
189,20,A
190,20,U
191,20,U
192,20,U
193,0,U
194,0,U
195,0,U
196,0,U
197,0,U
198,0,G
199,20,A
200,0,G
201,0,U
202,0,A
203,0,A
204,20,U
205,20,A
206,20,U
207,20,U
208,20,U
209,20,U
210,0,U
211,0,U
212,0,A
213,0,C
214,20,A
215,20,A
216,0,G
217,0,U
218,0,G
219,0,C
220,1,G
221,1,C
222,20,U
223,4,G
224,4,A
225,4,A
226,4,U
227,19,A
228,19,A
229,18,C
230,18,A
231,18,C
232,18,A
233,20,A
234,20,A
235,20,U
236,20,A
237,20,A
238,20,A
239,4,U
240,4,C
241,4,A
242,4,A
243,4,G
244,20,A
245,20,A
246,17,C
247,17,C
248,17,C
249,20,A
250,20,A
251,18,C
252,17,A
253,17,A
254,0,G
255,0,U
256,2,G
257,0,U
258,0,U
259,0,U
260,0,G
261,0,A
262,0,A
263,0,A
264,18,A
265,2,C
266,2,C
267,2,C
268,0,A
269,0,A
270,18,A
271,18,A
272,18,A
273,18,A
274,18,U
275,18,A
276,20,A
277,20,A
278,2,U
279,0,U
280,0,G
281,0,G
282,0,G
283,0,A
284,0,A
285,0,A
286,2,A
287,2,A
288,20,C
289,2,A
290,2,A
291,2,A
292,2,A
293,2,A
294,0,U
295,0,U
296,0,U
297,0,C
298,18,U
299,18,C
300,18,A
301,20,U
302,20,A
303,20,A
304,20,C
305,20,C
306,2,G
307,2,A
308,2,A
309,18,U
310,0,A
311,0,U
312,0,U
313,0,U
314,0,U
315,0,U
316,18,U
317,2,U
318,0,U
319,0,U
320,0,U
321,0,U
322,18,U
323,0,G
324,0,A
325,18,A
326,20,A
327,18,A
328,0,C
329,0,U
330,0,U
331,0,G
332,0,G
333,18,G
334,18,G
335,0,G
336,0,A
337,0,A
338,0,A
339,0,A
340,0,A
341,0,U
342,0,C
343,0,A
344,0,A
345,20,C
346,20,A
347,20,C
348,0,U
349,0,U
350,0,U
351,0,U
352,0,U
353,0,U
354,20,C
355,20,G
356,20,A
357,20,C
358,0,A
359,0,A
360,0,G
361,0,U
362,20,C
363,20,A
364,20,C
365,20,C
366,20,G
367,20,A
368,20,A
369,20,A
370,0,A
371,0,C
372,0,U
373,0,U
374,0,A
375,0,A
376,0,A
377,0,A
378,0,A
379,0,A
380,20,A
381,20,A
382,20,A
383,0,U
384,0,U
385,0,G
386,0,A
387,0,U
388,0,U
389,0,U
390,0,U
391,0,U
392,0,C
393,19,A
394,19,A
395,19,A
396,19,A
397,19,A
398,19,A
399,19,A
400,19,G
401,19,A
402,19,A
403,1,C
404,2,C
405,2,A
406,2,A
407,2,G
408,19,A
409,19,C
410,2,U
411,0,C
412,18,G
413,18,A
414,18,C
415,19,A
416,19,C
417,1,U
418,0,G
419,0,C
420,0,C
421,20,G
422,20,A
423,20,A
424,20,A
425,20,A
426,0,G
427,0,G
428,0,C
429,1,A
430,20,A
431,20,U
432,20,A
433,20,U
434,20,U
435,2,U
436,0,U
437,0,U
438,0,C
439,0,A
440,0,A
441,1,G
442,3,U
443,2,A
444,2,C
445,19,A
446,19,U
447,0,U
448,0,U
449,1,U
450,0,U
451,0,U
452,0,C
453,0,G
454,19,A
455,20,A
456,20,G
457,19,U
458,0,G
459,0,U
460,0,U
461,0,U
462,0,U
463,0,G
464,20,A
465,1,C
466,1,A
467,1,A
468,20,A
469,20,A
470,0,C
471,0,A
472,0,A
473,0,A
474,0,G
475,0,C
476,0,A
477,1,A
478,20,A
479,20,A
480,1,U
481,1,U
482,1,C
483,0,U
484,19,C
485,19,G
486,19,A
487,19,A
488,20,C
489,20,C
490,20,A
491,20,A
492,1,A
493,1,G
494,1,A
495,1,A
496,20,C
497,20,A
498,20,A
499,20,A
500,20,A
501,19,U
502,19,C
503,19,A
504,19,C
505,19,G
506,19,A
507,20,A
508,20,A
509,0,G
510,0,G
511,20,A
512,20,C
513,20,A
514,20,C
515,20,C
516,0,C
517,0,C
518,20,A
519,20,A
520,20,A
521,20,A
522,20,C
523,20,A
524,20,A
525,20,U
526,19,C
527,19,C
528,19,C
529,0,U
530,0,C
531,1,A
532,1,A
533,0,U
534,19,U
535,19,A
536,19,U
537,20,A
538,1,A
539,0,U
540,0,U
541,0,G
542,0,A
543,20,C
544,1,U
545,1,U
546,1,G
547,20,A
548,0,C
549,0,U
550,0,U
551,0,U
552,0,G
553,20,A
554,19,C
555,0,U
556,0,U
557,1,G
558,1,C
559,1,A
560,0,A
561,0,A
562,0,G
563,1,C
564,0,C
565,0,G
566,0,A
567,0,A
568,0,G
569,1,A
570,1,A
571,20,C
572,1,U
573,1,U
574,0,U
575,0,C
576,0,A
577,19,A
578,20,A
579,20,A
580,20,G
581,20,A
582,20,C
583,19,A
584,0,U
585,0,G
586,0,A
587,1,A
588,0,G
589,19,A
590,0,G
591,0,G
592,0,G
593,2,C
594,18,A
595,18,A
596,18,A
597,18,A
598,20,C
599,0,A
600,0,G
601,0,A
602,0,A
603,0,G
604,0,U
605,0,U
606,20,A
607,20,A
608,0,C
609,0,U
610,0,U
611,0,G
612,0,A
613,20,G
614,20,C
615,0,U
616,0,C
617,0,G
618,0,G
619,20,C
620,20,U
621,20,C
622,20,A
623,0,U
624,0,G
625,0,A
626,20,C
627,20,C
628,20,A
629,20,A
630,20,A
631,0,U
632,0,C
633,0,A
634,20,A
635,20,A
636,20,A
637,0,C
638,0,U
639,0,G
640,0,A
641,20,A
642,20,A
643,0,U
644,0,C
645,0,A
646,0,A
647,0,G
648,20,C
649,0,A
650,0,A
651,0,U
652,0,U
653,0,U
654,0,U
655,0,U
656,20,U
657,18,U
658,18,U
659,18,U
660,18,U
661,20,U
662,20,U
663,19,C
664,19,A
665,19,A
666,19,C
667,19,A
668,0,C
669,0,A
670,0,G
671,0,U
672,0,G
673,1,G
674,0,A
675,0,C
676,0,G
677,1,A
678,0,G
679,19,C
680,19,G
681,19,G
682,19,C
683,0,G
684,0,A
685,0,A
686,1,C
687,0,A
688,0,A
689,0,A
690,0,C
691,0,A
692,1,U
693,19,A
694,19,C
695,19,A
696,19,C
697,20,A
698,1,C
699,1,A
700,20,C
701,20,A
702,20,A
703,20,U
704,1,U
705,1,G
706,20,G
707,20,A
708,20,U
709,20,U
710,20,A
711,0,G
712,0,U
713,0,G
714,19,U
715,1,U
716,1,U
717,0,U
718,0,G
719,0,U
720,0,U
721,0,U
722,20,A
723,20,U
724,20,U
725,20,U
726,20,C
727,0,G
728,0,G
729,0,A
730,0,C
731,20,C
732,20,C
733,20,A
734,20,C
735,20,U
736,20,G
737,20,U
738,20,A
739,20,A
740,20,C
741,20,U
742,0,G
743,0,U
744,0,C
745,0,C
746,1,C
747,0,U
748,0,C
749,0,G
750,1,U
751,1,C
752,1,C
753,1,A
754,20,C
755,1,C
756,0,U
757,0,G
758,19,A
759,20,A
760,20,A
761,20,A
762,20,U
763,0,A
764,0,C
765,0,G
766,0,A
767,0,A
768,20,G
769,20,A
770,20,A
771,20,A
772,0,U
773,0,U
774,0,C
775,0,G
776,0,U
777,19,C
778,1,G
779,1,C
780,1,C
781,2,U
782,20,C
783,1,C
784,1,U
785,1,U
786,1,G
787,1,A
788,1,A
789,2,U
790,2,U
791,3,C
792,17,G
793,1,U
794,1,C
795,1,G
796,3,C
797,1,G
798,16,U
799,17,G
800,17,U
801,1,C
802,0,G
803,0,C
804,0,C
805,1,G
806,0,U
807,0,C
808,1,G
809,1,C
810,1,G
811,18,U
812,0,U
813,0,U
814,18,C
815,0,G
816,0,U
817,1,U
818,2,A
819,3,A
820,20,A
821,2,U
822,2,C
823,1,G
824,2,C
825,2,U
826,2,U
827,20,A
828,0,U
829,0,C
830,0,G
831,0,U
832,0,U
833,0,C
834,0,A
835,1,U
836,1,C
837,1,G
838,1,C
839,1,A
840,20,A
841,19,A
842,19,U
843,19,C
844,20,A
845,20,A
846,20,C
847,1,C
848,0,G
849,0,A
850,0,U
851,1,A
852,1,A
853,20,U
854,20,C
855,20,C
856,20,A
857,19,U
858,19,C
859,19,A
860,19,U
861,19,G
862,20,C
863,20,C
864,20,G
865,20,A
866,0,A
867,0,G
868,0,A
869,0,U
870,0,U
871,0,U
872,0,U
873,0,C
874,20,C
875,0,U
876,0,G
877,0,A
878,0,U
879,0,C
880,0,A
881,0,A
882,0,A
883,20,A
884,20,A
885,20,U
886,19,C
887,2,G
888,2,C
889,17,C
890,0,U
891,0,G
892,0,C
893,20,A
894,20,U
895,20,C
896,18,A
897,0,G
898,0,C
899,0,A
900,0,G
901,1,C
902,20,A
903,20,A
904,3,C
905,3,A
906,2,G
907,2,C
908,0,G
909,1,C
910,2,U
911,0,U
912,0,G
913,0,C
914,18,U
915,3,U
916,1,G
917,1,A
918,1,A
919,1,U
920,1,C
921,0,G
922,19,C
923,19,A
924,19,A
925,20,A
926,1,A
927,1,C
928,1,U
929,1,U
930,0,G
931,0,C
932,0,U
933,0,G
934,19,C
935,0,A
936,0,G
937,0,C
938,0,A
939,0,C
940,20,A
941,20,A
942,20,G
943,20,A
944,20,A
945,20,U
946,20,C
947,20,A
948,0,G
949,0,G
950,0,A
951,0,U
952,0,G
953,19,A
954,0,U
955,0,G
956,19,A
957,0,G
958,1,C
959,0,G
960,19,C
961,0,U
962,0,U
963,0,G
964,0,G
965,0,U
966,0,G
967,0,C
968,1,C
969,0,G
970,0,C
971,19,C
972,19,C
973,0,C
974,19,U
975,1,C
976,1,A
977,20,G
978,1,U
979,1,C
980,1,C
981,20,A
982,20,A
983,20,G
984,19,U
985,19,G
986,0,G
987,0,G
988,0,A
989,19,G
990,0,U
991,0,G
992,0,G
993,19,U
994,20,A
995,1,G
996,1,C
997,0,G
998,0,G
999,0,C
1000,20,C
1001,20,C
1002,20,C
1003,20,U
1004,20,C
1005,0,G
1006,0,C
1007,0,C
1008,1,A
1009,1,A
1010,1,C
1011,0,G
1012,1,C
1013,19,C
1014,0,C
1015,0,A
1016,0,C
1017,1,A
1018,0,U
1019,0,C
1020,0,C
1021,19,C
1022,19,A
1023,20,A
1024,19,C
1025,19,C
1026,20,A
1027,1,C
1028,1,C
1029,20,A
1030,1,C
1031,1,C
1032,19,G
1033,0,G
1034,1,A
1035,19,A
1036,0,C
1037,0,C
1038,20,G
1039,20,C
1040,20,A
1041,20,A
1042,0,G
1043,0,G
1044,0,U
1045,1,C
1046,19,A
1047,0,G
1048,0,G
1049,0,G
1050,0,G
1051,19,C
1052,20,A
1053,20,A
1054,20,C
1055,20,A
1056,19,G
1057,0,G
1058,1,U
1059,0,G
1060,0,C
1061,0,U
1062,0,C
1063,0,G
1064,0,G
1065,20,A
1066,1,C
1067,1,A
1068,0,G
1069,0,G
1070,0,U
1071,20,G
1072,20,C
1073,20,C
1074,1,C
1075,0,G
1076,0,A
1077,0,U
1078,1,U
1079,1,C
1080,3,A
1081,20,G
1082,19,A
1083,19,U
1084,19,C
1085,20,A
1086,20,A
1087,19,C
1088,19,A
1089,17,G
1090,17,C
1091,18,C
1092,1,A
1093,0,C
1094,0,U
1095,18,G
1096,19,A
1097,0,G
1098,0,C
1099,2,C
1100,19,U
1101,19,C
1102,20,A
1103,20,C
1104,1,G
1105,1,C
1106,1,G
1107,1,C
1108,1,A
1109,20,A
1110,19,A
1111,0,C
1112,0,G
1113,0,A
1114,0,U
1115,1,U
1116,1,C
1117,1,C
1118,1,A
1119,20,C
1120,20,C
1121,19,A
1122,0,U
1123,0,C
1124,0,G
1125,0,U
1126,20,C
1127,0,G
1128,0,U
1129,19,C
1130,20,A
1131,20,C
1132,20,U
1133,1,A
1134,1,C
1135,20,U
1136,20,U
1137,20,C
1138,1,G
1139,0,G
1140,0,A
1141,19,C
1142,20,A
1143,20,A
1144,1,U
1145,1,C
1146,0,G
1147,19,C
1148,0,G
1149,0,C
1150,19,C
1151,19,A
1152,20,C
1153,19,A
1154,19,G
1155,0,U
1156,0,C
1157,0,U
1158,19,C
1159,1,G
1160,0,A
1161,0,U
1162,19,C
1163,19,A
1164,19,U
1165,19,C
1166,19,U
1167,20,C
1168,20,A
1169,20,A
1170,20,U
1171,20,C
1172,20,A
1173,20,A
1174,20,A
1175,1,A
1176,1,U
1177,1,C
1178,1,A
1179,1,G
1180,1,A
1181,0,G
1182,0,C
1183,20,C
1184,0,C
1185,0,G
1186,0,A
1187,20,A
1188,0,U
1189,0,C
1190,0,C
1191,19,A
1192,19,A
1193,20,A
1194,0,U
1195,0,G
1196,0,C
1197,20,A
1198,20,A
1199,20,A
1200,20,U
1201,0,G
1202,0,C
1203,0,A
1204,20,A
1205,20,A
1206,19,U
1207,19,C
1208,19,C
1209,19,C
1210,19,A
1211,20,A
1212,20,U
1213,20,C
1214,20,A
1215,20,A
1216,20,A
1217,20,U
1218,20,A
1219,20,C
1220,20,A
1221,20,A
1222,20,A
1223,20,A
1224,20,U
1225,20,C
1226,20,C
1227,19,U
1228,0,G
1229,1,C
1230,0,G
1231,0,G
1232,19,A
1233,20,A
1234,19,U
1235,0,U
1236,0,G
1237,0,G
1238,19,A
1239,1,A
1240,1,G
1241,0,U
1242,0,C
1243,0,G
1244,20,A
1245,20,A
1246,1,U
1247,0,G
1248,0,C
1249,1,G
1250,1,C
1251,20,C
1252,20,A
1253,20,C
1254,20,U
1255,0,G
1256,0,G
1257,0,C
1258,19,C
1259,17,A
1260,0,A
1261,0,G
1262,0,U
1263,17,U
1264,0,C
1265,0,A
1266,2,A
1267,3,A
1268,19,A
1269,17,U
1270,17,G
1271,18,A
1272,20,A
1273,20,A
1274,18,A
1275,17,C
1276,0,U
1277,0,U
1278,2,U
1279,0,G
1280,17,C
1281,18,C
1282,1,G
1283,18,C
1284,3,C
1285,3,G
1286,1,A
1287,0,G
1288,18,U
1289,2,U
1290,0,G
1291,1,C
1292,0,U
1293,0,G
1294,0,C
1295,0,A
1296,0,G
1297,19,C
1298,0,G
1299,0,U
1300,0,U
1301,0,U
1302,0,G
1303,20,A
1304,20,C
1305,20,A
1306,20,C
1307,0,C
1308,0,A
1309,0,A
1310,0,A
1311,0,C
1312,20,A
1313,0,C
1314,0,U
1315,0,G
1316,19,C
1317,18,C
1318,18,A
1319,19,C
1320,18,C
1321,19,A
1322,0,C
1323,0,U
1324,0,G
1325,0,C
1326,20,A
1327,20,C
1328,20,A
1329,20,A
1330,20,A
1331,20,A
1332,20,U
1333,20,A
1334,20,A
1335,0,U
1336,0,A
1337,0,U
1338,0,U
1339,0,G
1340,0,U
1341,0,U
1342,0,A
1343,0,A
1344,0,C
1345,20,A
1346,20,A
1347,20,U
1348,20,U
1349,20,U
1350,20,G
1351,0,G
1352,0,U
1353,0,U
1354,0,A
1355,0,A
1356,0,U
1357,0,A
1358,0,A
1359,0,U
1360,0,A
1361,0,G
1362,0,C
1363,0,A
1364,0,G
1365,19,A
1366,1,G
1367,1,C
1368,17,C
1369,1,G
1370,2,C
1371,2,C
1372,3,A
1373,18,C
1374,18,C
1375,0,U
1376,0,C
1377,0,C
1378,0,G
1379,0,U
1380,0,U
1381,0,U
1382,1,U
1383,19,A
1384,16,G
1385,17,C
1386,16,C
1387,9,A
1388,9,C
1389,17,U
1390,17,A
1391,17,A
1392,18,A
1393,17,G
1394,17,A
1395,18,C
1396,19,U
1397,3,G
1398,3,U
1399,19,A
1400,3,C
1401,2,A
1402,19,A
1403,3,U
1404,3,U
1405,1,G
1406,2,A
1407,19,A
1408,19,A
1409,19,A
1410,4,U
1411,2,U
1412,1,C
1413,3,C
1414,1,C
1415,1,C
1416,1,A
1417,19,A
1418,17,U
1419,17,U
1420,18,A
1421,18,G
1422,18,C
1423,1,A
1424,1,U
1425,1,A
1426,1,C
1427,1,C
1428,1,A
1429,20,A
1430,20,A
1431,20,A
1432,20,A
1433,20,A
1434,19,U
1435,19,C
1436,0,A
1437,0,G
1438,0,C
1439,0,G
1440,1,A
1441,0,G
1442,0,C
1443,0,A
1444,19,G
1445,20,A
1446,0,G
1447,0,G
1448,0,A
1449,0,C
1450,0,G
1451,0,A
1452,0,G
1453,0,G
1454,0,A
1455,20,G
1456,20,G
1457,20,A
1458,20,G
1459,0,C
1460,0,A
1461,0,A
1462,0,G
1463,0,A
1464,20,A
1465,0,G
1466,0,A
1467,9,C
1468,11,C
1469,0,A
1470,0,G
1471,20,G
1472,20,A
1473,20,A
1474,0,A
1475,0,A
1476,0,A
1477,0,G
1478,0,A
1479,0,G
1480,0,A
1481,0,A
1482,0,G
1483,0,C
1484,0,C
1485,0,C
1486,0,G
1487,0,C
1488,20,A
1489,20,G
1490,20,A
1491,0,G
1492,0,C
1493,0,G
1494,0,G
1495,0,G
1496,20,A
1497,0,G
1498,0,A
1499,0,G
1500,0,A
1501,0,G
1502,0,A
1503,0,G
1504,0,A
1505,20,A
1506,0,G
1507,0,U
1508,0,C
1509,0,C
1510,20,G
1511,20,A
1512,20,U
1513,20,G
1514,20,A
1515,20,G
1516,20,A
1517,0,G
1518,0,G
1519,0,A
1520,0,C
1521,20,A
1522,20,G
1523,20,A
1524,20,A
1525,20,C
1526,20,A
1527,0,G
1528,0,G
1529,0,U
1530,20,A
1531,0,G
1532,0,A
1533,0,A
1534,20,A
1535,20,A
1536,0,G
1537,0,G
1538,20,A
1539,0,G
1540,0,G
1541,0,A
1542,0,G
1543,0,C
1544,20,G
1545,0,G
1546,0,G
1547,0,U
1548,0,G
1549,0,G
1550,0,A
1551,0,G
1552,0,C
1553,20,G
1554,20,C
1555,20,G
1556,20,A
1557,20,A
1558,0,G
1559,0,A
1560,0,G
1561,0,G
1562,0,A
1563,20,G
1564,20,G
1565,20,A
1566,0,G
1567,0,G
1568,20,A
1569,0,C
1570,0,G
1571,0,A
1572,20,C
1573,0,G
1574,0,A
1575,0,G
1576,0,G
1577,0,U
1578,0,G
1579,0,G
1580,20,A
1581,0,U
1582,0,G
1583,0,U
1584,20,C
1585,0,G
1586,0,G
1587,0,C
1588,0,G
1589,0,U
1590,20,A
1591,20,G
1592,20,A
1593,20,G
1594,0,G
1595,0,C
1596,0,G
1597,0,C
1598,0,C
1599,0,A
1600,0,C
1601,0,G
1602,20,C
1603,0,C
1604,0,C
1605,0,A
1606,0,C
1607,20,G
1608,20,A
1609,0,U
1610,0,U
1611,0,C
1612,20,U
1613,20,A
1614,20,U
1615,20,A
1616,20,A
1617,20,U
1618,20,A
1619,20,C
1620,20,C
1621,20,G
1622,0,G
1623,0,C
1624,0,G
1625,0,U
1626,0,G
1627,0,G
1628,0,U
1629,0,C
1630,0,U
1631,20,U
1632,20,A
1633,20,A
1634,20,C
1635,20,C
1636,20,C
1637,0,A
1638,0,G
1639,0,G
1640,0,C
1641,0,C
1642,20,C
1643,20,A
1644,0,A
1645,0,C
1646,0,G
1647,0,C
1648,20,A
1649,20,A
1650,0,G
1651,0,G
1652,20,A
1653,0,G
1654,0,U
1655,20,A
1656,0,U
1657,0,C
1658,20,C
1659,20,C
1660,20,C
1661,20,A
1662,20,A
1663,0,G
1664,0,A
1665,0,G
1666,0,C
1667,0,C
1668,0,C
1669,20,A
1670,0,A
1671,0,G
1672,0,G
1673,20,A
1674,20,C
1675,20,U
1676,20,U
1677,20,A
1678,20,U
1679,20,C
1680,0,C
1681,0,C
1682,0,U
1683,20,A
1684,20,A
1685,20,C
1686,20,C
1687,20,A
1688,0,U
1689,0,C
1690,0,G
1691,0,C
1692,0,C
1693,20,A
1694,20,A
1695,20,A
1696,0,U
1697,0,C
1698,0,C
1699,0,U
1700,0,C
1701,20,G
1702,20,C
1703,20,C
1704,20,A
1705,0,G
1706,0,C
1707,0,U
1708,0,U
1709,0,C
1710,0,A
1711,0,C
1712,0,C
1713,0,G
1714,0,C
1715,0,A
1716,0,U
1717,0,A
1718,0,U
1719,0,C
1720,20,C
1721,20,A
1722,0,C
1723,0,A
1724,0,G
1725,0,U
1726,0,G
1727,0,A
1728,20,C
1729,0,U
1730,0,C
1731,0,C
1732,0,G
1733,20,A
1734,20,A
1735,0,U
1736,0,C
1737,0,C
1738,0,G
1739,20,A
1740,20,U
1741,20,U
1742,0,C
1743,0,G
1744,0,G
1745,0,A
1746,20,C
1747,20,U
1748,20,C
1749,20,U
1750,20,G
1751,20,A
1752,20,U
1753,0,G
1754,0,G
1755,0,G
1756,0,G
1757,0,G
1758,0,C
1759,20,U
1760,20,G
1761,20,C
1762,20,A
1763,0,A
1764,0,G
1765,0,C
1766,0,U
1767,0,A
1768,0,A
1769,0,U
1770,0,U
1771,0,G
1772,0,U
1773,0,G
1774,0,G
1775,0,A
1776,0,C
1777,20,G
1778,20,A
1779,20,G
1780,20,A
1781,20,A
1782,19,G
1783,19,C
1784,0,C
1785,0,A
1786,0,C
1787,0,C
1788,20,A
1789,19,U
1790,19,U
1791,19,G
1792,19,C
1793,19,C
1794,0,G
1795,0,G
1796,0,U
1797,1,G
1798,20,A
1799,20,U
1800,20,C
1801,20,A
1802,20,A
1803,19,A
1804,19,C
1805,19,C
1806,19,A
1807,20,U
1808,20,U
1809,19,G
1810,19,U
1811,19,C
1812,19,C
1813,0,C
1814,0,U
1815,0,G
1816,0,C
1817,0,G
1818,20,C
1819,20,U
1820,20,U
1821,20,G
1822,0,C
1823,0,G
1824,0,C
1825,0,A
1826,0,G
1827,20,C
1828,20,A
1829,1,C
1830,1,A
1831,1,C
1832,1,C
1833,0,G
1834,0,C
1835,0,C
1836,0,A
1837,0,C
1838,0,C
1839,0,G
1840,0,G
1841,0,C
1842,18,G
1843,18,G
1844,18,A
1845,18,U
1846,20,C
1847,20,A
1848,20,A
1849,20,C
1850,20,G
1851,2,A
1852,2,C
1853,2,C
1854,2,A
1855,20,A
1856,0,G
1857,0,U
1858,0,C
1859,0,C
1860,0,G
1861,1,C
1862,1,C
1863,0,G
1864,2,C
1865,18,C
1866,2,U
1867,19,C
1868,20,C
1869,0,G
1870,0,C
1871,0,G
1872,2,A
1873,1,G
1874,18,A
1875,19,U
1876,18,C
1877,0,C
1878,1,C
1879,0,G
1880,0,C
1881,0,G
1882,1,C
1883,1,C
1884,19,C
1885,0,G
1886,0,C
1887,1,U
1888,1,G
1889,0,U
1890,0,C
1891,0,C
1892,0,G
1893,0,C
1894,0,U
1895,0,G
1896,0,C
1897,0,U
1898,0,C
1899,0,G
1900,0,G
1901,0,U
1902,0,G
1903,0,A
1904,0,U
1905,0,C
1906,0,C
1907,0,A
1908,0,A
1909,20,C
1910,0,G
1911,0,G
1912,0,G
1913,20,C
1914,0,G
1915,0,C
1916,20,C
1917,0,G
1918,0,C
1919,0,A
1920,0,A
1921,0,U
1922,20,C
1923,20,C
1924,20,C
1925,20,A
1926,0,A
1927,0,U
1928,0,U
1929,0,G
1930,0,C
1931,20,C
1932,20,C
1933,20,A
1934,0,C
1935,0,C
1936,0,A
1937,0,G
1938,0,C
1939,20,C
1940,20,G
1941,20,G
1942,0,G
1943,0,C
1944,0,U
1945,0,G
1946,0,G
1947,20,C
1948,20,U
1949,20,U
1950,20,C
1951,20,C
1952,20,U
1953,20,A
1954,20,U
1955,20,U
1956,0,G
1957,0,C
1958,20,C
1959,0,C
1960,0,C
1961,0,C
1962,20,C
1963,0,U
1964,0,U
1965,0,G
1966,0,G
1967,0,A
1968,0,U
1969,0,C
1970,0,A
1971,20,G
1972,20,C
1973,20,U
1974,20,A
1975,20,G
1976,20,G
1977,20,A
1978,20,C
1979,0,C
1980,0,C
1981,0,G
1982,0,A
1983,0,G
1984,0,C
1985,0,A
1986,0,G
1987,0,C
1988,20,A
1989,0,G
1990,0,G
1991,19,A
1992,18,G
1993,18,C
1994,19,C
1995,20,C
1996,20,A
1997,18,U
1998,18,C
1999,18,G
2000,20,A
2001,18,U
2002,18,U
2003,20,A
2004,18,U
2005,18,C
2006,18,A
2007,20,C
2008,0,G
2009,0,U
2010,0,G
2011,0,C
2012,0,C
2013,3,G
2014,20,A
2015,20,A
2016,0,G
2017,0,C
2018,0,G
2019,3,A
2020,20,A
2021,3,G
2022,3,G
2023,0,A
2024,0,G
2025,0,C
2026,20,C
2027,0,C
2028,0,C
2029,0,U
2030,0,C
2031,20,U
2032,20,U
2033,20,A
2034,20,U
2035,20,G
2036,20,A
2037,20,C
2038,20,U
2039,20,C
2040,20,C
2041,20,G
2042,20,A
2043,20,U
2044,0,G
2045,0,A
2046,0,G
2047,0,G
2048,20,A
2049,0,G
2050,0,C
2051,17,U
2052,20,G
2053,20,A
2054,20,A
2055,0,C
2056,0,G
2057,0,C
2058,3,C
2059,3,A
2060,0,G
2061,0,G
2062,0,C
2063,0,G
2064,0,C
2065,19,C
2066,17,U
2067,0,G
2068,0,G
2069,0,A
2070,18,A
2071,17,C
2072,0,G
2073,0,A
2074,1,G
2075,1,C
2076,1,G
2077,1,C
2078,0,G
2079,0,G
2080,1,C
2081,20,A
2082,1,G
2083,0,G
2084,0,U
2085,1,G
2086,0,C
2087,1,G
2088,0,C
2089,0,G
2090,19,A
2091,18,G
2092,18,G
2093,18,C
2094,19,A
2095,19,A
2096,19,G
2097,20,A
2098,20,C
2099,19,G
2100,19,A
2101,2,C
2102,2,G
2103,2,C
2104,20,A
2105,0,G
2106,0,C
2107,0,A
2108,0,C
2109,0,C
2110,18,A
2111,20,U
2112,20,U
2113,20,U
2114,20,U
2115,18,G
2116,0,G
2117,0,C
2118,1,C
2119,0,G
2120,0,C
2121,20,A
2122,0,C
2123,0,G
2124,1,A
2125,0,G
2126,0,U
2127,19,U
2128,19,C
2129,20,U
2130,0,G
2131,0,C
2132,0,U
2133,1,C
2134,0,G
2135,19,C
2136,19,C
2137,19,C
2138,18,A
2139,18,G
2140,18,U
2141,18,C
2142,19,C
2143,19,C
2144,20,A
2145,20,A
2146,19,A
2147,17,G
2148,0,G
2149,1,C
2150,2,U
2151,3,U
2152,20,A
2153,18,A
2154,1,U
2155,1,C
2156,3,C
2157,0,G
2158,0,C
2159,0,G
2160,0,C
2161,2,U
2162,2,U
2163,2,G
2164,0,G
2165,0,U
2166,0,G
2167,17,C
2168,18,G
2169,18,A
2170,0,U
2171,1,C
2172,1,C
2173,1,U
2174,2,U
2175,0,G
2176,0,C
2177,17,C
2178,2,C
2179,0,G
2180,1,G
2181,2,U
2182,2,A
2183,1,U
2184,19,U
2185,1,U
2186,1,U
2187,0,G
2188,0,G
2189,0,C
2190,0,U
2191,0,G
2192,1,C
2193,19,G
2194,19,G
2195,19,C
2196,0,A
2197,0,G
2198,0,C
2199,1,C
2200,0,G
2201,0,G
2202,0,A
2203,0,C
2204,20,A
2205,19,C
2206,19,G
2207,20,G
2208,20,A
2209,20,C
2210,0,G
2211,0,G
2212,0,A
2213,0,A
2214,0,U
2215,20,A
2216,20,G
2217,20,C
2218,20,A
2219,20,G
2220,20,C
2221,20,A
2222,0,G
2223,0,U
2224,0,U
2225,0,C
2226,0,C
2227,1,A
2228,1,G
2229,0,C
2230,19,G
2231,20,G
2232,0,U
2233,0,G
2234,0,C
2235,0,C
2236,19,G
2237,19,C
2238,19,C
2239,19,G
2240,0,G
2241,0,G
2242,0,C
2243,1,A
2244,19,G
2245,19,G
2246,1,G
2247,1,C
2248,1,U
2249,20,U
2250,20,U
2251,20,C
2252,20,A
2253,20,A
2254,19,U
2255,19,C
2256,0,G
2257,0,U
2258,0,C
2259,0,C
2260,0,G
2261,0,G
2262,0,U
2263,0,U
2264,19,U
2265,19,U
2266,19,G
2267,0,G
2268,1,C
2269,1,A
2270,1,G
2271,0,C
2272,0,C
2273,0,A
2274,0,A
2275,18,A
2276,0,A
2277,1,C
2278,2,A
2279,1,G
2280,0,C
2281,0,G
2282,0,G
2283,0,C
2284,19,A
2285,1,G
2286,0,C
2287,0,G
2288,0,G
2289,0,C
2290,0,U
2291,1,C
2292,0,G
2293,0,U
2294,18,C
2295,18,C
2296,1,A
2297,0,G
2298,1,U
2299,0,G
2300,0,G
2301,1,C
2302,3,A
2303,1,A
2304,1,U
2305,1,C
2306,1,A
2307,1,G
2308,20,A
2309,20,A
2310,1,C
2311,0,G
2312,0,C
2313,0,C
2314,1,G
2315,19,G
2316,19,C
2317,19,A
2318,19,G
2319,0,C
2320,0,G
2321,0,G
2322,0,C
2323,0,G
2324,0,C
2325,1,U
2326,0,G
2327,0,G
2328,1,U
2329,1,U
2330,18,C
2331,19,A
2332,20,C
2333,19,C
2334,18,U
2335,0,G
2336,0,G
2337,0,A
2338,0,U
2339,20,C
2340,0,U
2341,0,G
2342,0,G
2343,0,U
2344,0,G
2345,0,C
2346,0,C
2347,0,G
2348,0,G
2349,0,U
2350,0,G
2351,0,G
2352,1,C
2353,0,G
2354,0,G
2355,0,U
2356,0,G
2357,19,G
2358,0,U
2359,0,G
2360,0,G
2361,0,U
2362,0,A
2363,0,U
2364,0,G
2365,0,G
2366,0,G
2367,0,C
2368,0,G
2369,0,G
2370,0,U
2371,0,G
2372,0,G
2373,0,U
2374,0,C
2375,0,G
2376,1,C
2377,1,G
2378,1,A
2379,1,C
2380,19,G
2381,19,G
2382,19,C
2383,1,C
2384,0,G
2385,0,A
2386,0,G
2387,0,G
2388,0,G
2389,0,A
2390,0,A
2391,1,C
2392,20,U
2393,0,A
2394,0,C
2395,0,G
2396,0,G
2397,0,A
2398,20,C
2399,20,C
2400,0,C
2401,0,A
2402,0,A
2403,0,U
2404,0,U
2405,0,C
2406,20,A
2407,0,C
2408,0,C
2409,0,G
2410,20,C
2411,20,C
2412,20,A
2413,20,A
2414,0,C
2415,0,G
2416,0,G
2417,0,G
2418,0,A
2419,20,G
2420,20,C
2421,0,A
2422,0,U
2423,0,U
2424,0,G
2425,20,C
2426,20,C
2427,0,U
2428,0,C
2429,0,C
2430,0,G
2431,0,U
2432,20,U
2433,18,U
2434,18,U
2435,2,A
2436,0,U
2437,0,G
2438,0,A
2439,0,G
2440,2,A
2441,2,G
2442,2,C
2443,0,C
2444,0,U
2445,0,C
2446,0,A
2447,20,A
2448,18,G
2449,18,A
2450,0,G
2451,0,C
2452,0,G
2453,0,G
2454,0,C
2455,18,C
2456,20,A
2457,20,A
2458,20,C
2459,20,A
2460,20,G
2461,20,A
2462,20,G
2463,2,C
2464,2,A
2465,2,C
2466,0,G
2467,0,G
2468,0,C
2469,0,C
2470,2,A
2471,0,G
2472,0,C
2473,20,A
2474,20,A
2475,20,C
2476,20,A
2477,20,A
2478,20,U
2479,20,A
2480,18,C
2481,0,G
2482,0,G
2483,0,G
2484,0,C
2485,20,C
2486,20,A
2487,20,A
2488,20,A
2489,0,G
2490,2,U
2491,0,C
2492,0,C
2493,18,C
2494,0,G
2495,1,G
2496,0,C
2497,0,G
2498,1,C
2499,1,U
2500,20,A
2501,20,A
2502,20,U
2503,20,C
2504,1,A
2505,1,U
2506,1,U
2507,1,C
2508,0,G
2509,0,C
2510,20,A
2511,20,U
2512,20,U
2513,20,U
2514,20,C
2515,20,A
2516,19,A
2517,19,C
2518,18,G
2519,18,C
2520,20,A
2521,18,A
2522,18,A
2523,18,U
2524,19,C
2525,19,C
2526,19,A
2527,0,G
2528,0,C
2529,0,G
2530,2,A
2531,1,A
2532,1,U
2533,19,U
2534,19,U
2535,19,U
2536,0,C
2537,0,U
2538,0,G
2539,0,C
2540,20,A
2541,20,A
2542,20,A
2543,0,A
2544,0,C
2545,0,G
2546,0,C
2547,0,A
2548,0,G
2549,0,C
2550,20,A
2551,20,G
2552,20,C
2553,20,G
2554,0,G
2555,0,C
2556,0,U
2557,0,G
2558,0,C
2559,0,G
2560,0,U
2561,20,A
2562,20,C
2563,20,A
2564,20,U
2565,20,C
2566,20,A
2567,20,U
2568,19,G
2569,19,U
2570,19,C
2571,19,G
2572,0,G
2573,0,C
2574,1,A
2575,0,G
2576,19,G
2577,0,U
2578,0,U
2579,0,C
2580,1,C
2581,1,G
2582,0,G
2583,0,U
2584,0,G
2585,19,G
2586,1,A
2587,1,G
2588,20,G
2589,20,A
2590,19,G
2591,19,G
2592,0,C
2593,0,U
2594,19,G
2595,0,C
2596,1,A
2597,0,C
2598,0,C
2599,0,G
2600,1,G
2601,1,A
2602,1,A
2603,20,A
2604,19,C
2605,19,G
2606,19,G
2607,20,A
2608,0,G
2609,0,G
2610,0,U
2611,0,G
2612,0,G
2613,0,U
2614,0,G
2615,0,G
2616,20,A
2617,0,G
2618,0,C
2619,20,A
2620,20,U
2621,20,C
2622,20,G
2623,0,G
2624,0,G
2625,0,G
2626,0,C
2627,0,C
2628,0,A
2629,20,G
2630,20,G
2631,20,A
2632,20,G
2633,20,G
2634,0,U
2635,0,G
2636,0,G
2637,0,C
2638,0,C
2639,0,C
2640,20,A
2641,20,U
2642,20,C
2643,20,G
2644,0,G
2645,0,C
2646,20,A
2647,20,A
2648,20,A
2649,20,U
2650,0,A
2651,0,G
2652,0,U
2653,0,G
2654,0,G
2655,0,U
2656,0,G
2657,0,G
2658,0,U
2659,0,G
2660,0,G
2661,0,U
2662,0,G
2663,20,G
2664,0,U
2665,0,G
2666,20,G
2667,0,U
2668,0,G
2669,0,G
2670,0,U
2671,0,G
2672,0,G
2673,0,C
2674,0,G
2675,0,G
2676,0,C
2677,0,G
2678,0,G
2679,0,C
2680,3,A
2681,17,A
2682,0,U
2683,0,G
2684,20,G
2685,17,G
2686,17,U
2687,18,A
2688,18,C
2689,18,A
2690,18,U
2691,18,C
2692,18,A
2693,20,A
2694,0,C
2695,0,U
2696,0,G
2697,0,U
2698,0,G
2699,17,G
2700,0,U
2701,0,G
2702,17,G
2703,0,U
2704,0,G
2705,0,U
2706,1,U
2707,0,G
2708,0,G
2709,0,U
2710,0,G
2711,0,G
2712,0,U
2713,20,C
2714,20,C
2715,20,A
2716,0,A
2717,0,A
2718,0,C
2719,20,A
2720,20,A
2721,20,U
2722,0,A
2723,0,G
2724,0,U
2725,20,C
2726,0,U
2727,0,C
2728,0,G
2729,0,A
2730,0,C
2731,0,G
2732,0,G
2733,0,U
2734,20,A
2735,20,A
2736,20,U
2737,20,A
2738,20,A
2739,0,U
2740,0,C
2741,0,U
2742,0,A
2743,0,U
2744,0,U
2745,0,G
2746,20,A
2747,20,A
2748,20,C
2749,0,U
2750,0,U
2751,0,C
2752,0,G
2753,20,C
2754,20,C
2755,0,A
2756,0,G
2757,0,U
2758,20,G
2759,20,U
2760,20,U
2761,20,U
2762,20,C
2763,20,U
2764,20,A
2765,0,A
2766,0,C
2767,0,U
2768,20,A
2769,20,U
2770,20,A
2771,20,A
2772,0,C
2773,0,G
2774,0,A
2775,0,A
2776,20,U
2777,20,C
2778,20,C
2779,20,A
2780,20,A
2781,20,U
2782,20,U
2783,20,C
2784,20,C
2785,20,A
2786,20,A
2787,20,A
2788,20,U
2789,20,U
2790,20,C
2791,20,C
2792,20,A
2793,20,U
2794,20,A
2795,20,A
2796,20,U
2797,0,C
2798,0,A
2799,0,U
2800,0,C
2801,0,A
2802,0,U
2803,20,C
2804,0,A
2805,0,U
2806,0,C
2807,0,A
2808,0,U
2809,0,C
2810,0,A
2811,0,U
2812,20,C
2813,20,A
2814,20,A
2815,20,C
2816,20,A
2817,20,C
2818,20,A
2819,20,A
2820,20,C
2821,20,A
2822,20,A
2823,20,C
2824,20,A
2825,20,A
2826,20,C
2827,20,A
2828,20,A
2829,20,C
2830,20,A
2831,20,A
2832,20,C
2833,20,A
2834,20,A
2835,20,C
2836,20,A
2837,0,A
2838,0,U
2839,0,G
2840,0,G
2841,0,U
2842,0,G
2843,0,G
2844,0,U
2845,20,C
2846,20,A
2847,20,A
2848,20,A
2849,20,C
2850,20,A
2851,20,U
2852,20,C
2853,20,U
2854,0,A
2855,0,U
2856,0,G
2857,0,A
2858,0,U
2859,0,G
2860,0,G
2861,0,G
2862,0,U
2863,0,C
2864,0,A
2865,0,U
2866,0,C
2867,0,C
2868,20,C
2869,0,U
2870,0,U
2871,20,U
2872,0,U
2873,0,A
2874,0,C
2875,20,G
2876,20,G
2877,20,C
2878,20,G
2879,0,G
2880,0,U
2881,0,A
2882,20,A
2883,20,U
2884,20,C
2885,20,C
2886,20,C
2887,20,U
2888,20,C
2889,20,A
2890,0,G
2891,0,C
2892,0,C
2893,20,U
2894,20,A
2895,20,C
2896,0,G
2897,0,G
2898,0,C
2899,20,A
2900,20,U
2901,20,A
2902,20,A
2903,20,U
2904,20,A
2905,20,C
2906,20,U
2907,20,C
2908,0,A
2909,0,A
2910,0,G
2911,0,G
2912,0,A
2913,0,U
2914,0,G
2915,20,A
2916,0,A
2917,0,C
2918,0,C
2919,0,G
2920,0,G
2921,0,A
2922,0,C
2923,0,A
2924,0,U
2925,0,U
2926,0,G
2927,0,A
2928,20,G
2929,20,U
2930,20,A
2931,0,C
2932,0,G
2933,0,A
2934,0,C
2935,20,G
2936,20,A
2937,0,G
2938,0,G
2939,0,C
2940,0,C
2941,0,A
2942,20,A
2943,20,G
2944,20,A
2945,0,U
2946,0,C
2947,0,G
2948,0,A
2949,0,U
2950,0,A
2951,0,U
2952,0,U
2953,0,G
2954,0,G
2955,0,C
2956,0,A
2957,0,C
2958,0,C
2959,0,U
2960,0,U
2961,0,U
2962,0,G
2963,0,C
2964,20,G
2965,20,C
2966,20,A
2967,0,G
2968,0,A
2969,20,A
2970,20,C
2971,20,A
2972,20,U
2973,20,U
2974,20,A
2975,0,U
2976,0,C
2977,20,C
2978,20,A
2979,20,G
2980,0,G
2981,0,C
2982,0,A
2983,0,A
2984,20,C
2985,20,G
2986,0,A
2987,0,U
2988,0,G
2989,0,G
2990,0,G
2991,0,C
2992,20,A
2993,0,G
2994,0,C
2995,0,U
2996,20,C
2997,20,C
2998,0,G
2999,0,G
3000,20,U
3001,0,C
3002,0,A
3003,20,G
3004,20,U
3005,20,U
3006,20,C
3007,20,A
3008,20,A
3009,0,U
3010,0,G
3011,0,C
3012,0,C
3013,0,A
3014,0,G
3015,0,C
3016,0,G
3017,0,C
3018,0,C
3019,0,U
3020,0,A
3021,0,U
3022,20,G
3023,0,A
3024,0,G
3025,0,G
3026,20,A
3027,0,U
3028,0,G
3029,0,C
3030,0,U
3031,0,A
3032,20,U
3033,20,A
3034,0,A
3035,0,U
3036,0,G
3037,0,U
3038,0,C
3039,0,G
3040,0,G
3041,20,A
3042,20,C
3043,20,C
3044,0,U
3045,0,G
3046,0,G
3047,0,C
3048,0,C
3049,20,A
3050,0,G
3051,20,U
3052,0,U
3053,0,C
3054,0,G
3055,20,G
3056,20,G
3057,0,U
3058,0,C
3059,0,A
3060,0,G
3061,0,U
3062,0,G
3063,0,U
3064,0,C
3065,0,C
3066,0,C
3067,0,A
3068,0,A
3069,0,U
3070,0,G
3071,0,G
3072,0,A
3073,0,G
3074,0,C
3075,0,C
3076,0,G
3077,0,U
3078,0,C
3079,0,G
3080,0,A
3081,20,U
3082,20,C
3083,20,C
3084,0,G
3085,0,C
3086,0,U
3087,20,U
3088,20,C
3089,20,A
3090,0,G
3091,0,U
3092,0,U
3093,20,C
3094,20,A
3095,20,C
3096,20,A
3097,0,G
3098,0,C
3099,18,C
3100,1,A
3101,0,C
3102,2,U
3103,0,C
3104,0,U
3105,0,G
3106,20,A
3107,0,U
3108,0,G
3109,0,C
3110,0,U
3111,0,G
3112,18,A
3113,1,G
3114,1,U
3115,1,U
3116,3,C
3117,17,G
3118,0,C
3119,2,A
3120,3,G
3121,19,A
3122,17,C
3123,17,C
3124,17,G
3125,18,A
3126,18,U
3127,20,C
3128,18,A
3129,18,U
3130,20,U
3131,20,U
3132,20,A
3133,3,C
3134,0,U
3135,0,G
3136,0,G
3137,3,A
3138,2,G
3139,0,C
3140,18,A
3141,0,G
3142,0,C
3143,0,U
3144,0,G
3145,1,U
3146,20,C
3147,20,C
3148,20,G
3149,20,A
3150,20,U
3151,0,G
3152,0,C
3153,20,C
3154,0,G
3155,0,U
3156,0,G
3157,0,G
3158,0,A
3159,0,C
3160,20,U
3161,20,U
3162,20,G
3163,0,A
3164,0,G
3165,0,U
3166,0,U
3167,0,C
3168,20,A
3169,20,U
3170,0,U
3171,0,C
3172,0,C
3173,0,U
3174,0,G
3175,0,C
3176,20,A
3177,20,A
3178,20,A
3179,0,G
3180,0,G
3181,0,A
3182,20,G
3183,0,C
3184,0,U
3185,0,G
3186,20,C
3187,0,G
3188,0,U
3189,0,G
3190,0,G
3191,0,A
3192,0,C
3193,20,G
3194,20,A
3195,20,C
3196,20,G
3197,20,A
3198,20,G
3199,20,G
3200,20,A
3201,0,G
3202,0,U
3203,0,C
3204,0,C
3205,0,A
3206,0,C
3207,0,C
3208,0,A
3209,0,G
3210,0,U
3211,0,C
3212,0,C
3213,20,G
3214,20,C
3215,20,G
3216,0,G
3217,0,C
3218,0,A
3219,0,G
3220,0,G
3221,0,A
3222,20,U
3223,20,U
3224,20,U
3225,20,C
3226,0,G
3227,0,A
3228,0,G
3229,0,C
3230,0,U
3231,20,G
3232,20,G
3233,20,U
3234,0,G
3235,0,U
3236,0,C
3237,0,C
3238,0,A
3239,0,C
3240,0,G
3241,0,C
3242,20,C
3243,0,C
3244,0,U
3245,17,C
3246,0,G
3247,3,C
3248,3,U
3249,20,A
3250,20,A
3251,0,C
3252,0,G
3253,0,C
3254,0,C
3255,0,G
3256,0,G
3257,20,A
3258,20,U
3259,0,U
3260,0,C
3261,20,A
3262,20,G
3263,20,U
3264,0,G
3265,0,A
3266,20,C
3267,20,G
3268,0,C
3269,0,C
3270,0,G
3271,0,G
3272,0,U
3273,0,G
3274,20,G
3275,3,A
3276,0,G
3277,0,C
3278,0,A
3279,0,G
3280,20,C
3281,17,A
3282,17,C
3283,17,A
3284,20,A
3285,20,U
3286,20,A
3287,17,C
3288,17,C
3289,17,A
3290,20,A
3291,20,U
3292,20,A
3293,20,C
3294,20,A
3295,20,A
3296,20,C
3297,20,C
3298,20,C
3299,20,A
3300,3,G
3301,3,C
3302,0,U
3303,0,G
3304,0,G
3305,3,A
3306,0,U
3307,0,G
3308,0,U
3309,20,C
3310,0,C
3311,0,U
3312,0,G
3313,0,C
3314,3,A
3315,0,C
3316,0,G
3317,17,A
3318,17,G
3319,20,A
3320,20,A
3321,18,U
3322,0,C
3323,2,U
3324,2,G
3325,2,U
3326,2,U
3327,0,G
3328,17,A
3329,20,C
3330,0,G
3331,0,C
3332,18,A
3333,0,G
3334,0,C
3335,0,U
3336,0,G
3337,20,A
3338,2,C
3339,0,C
3340,0,C
3341,0,A
3342,2,C
3343,20,A
3344,20,A
3345,20,U
3346,18,A
3347,18,U
3348,20,A
3349,0,G
3350,0,U
3351,20,C
3352,18,C
3353,0,G
3354,0,G
3355,2,G
3356,20,G
3357,2,C
3358,2,G
3359,0,G
3360,0,C
3361,18,A
3362,0,G
3363,0,C
3364,20,A
3365,20,A
3366,17,U
3367,17,C
3368,17,A
3369,0,G
3370,0,C
3371,17,A
3372,2,G
3373,0,C
3374,17,A
3375,0,G
3376,0,C
3377,1,A
3378,17,G
3379,0,C
3380,1,A
3381,0,C
3382,0,C
3383,0,A
3384,1,U
3385,18,C
3386,20,A
3387,18,A
3388,18,C
3389,18,A
3390,18,G
3391,20,C
3392,3,A
3393,0,U
3394,0,G
3395,0,G
3396,0,U
3397,1,G
3398,0,U
3399,0,G
3400,0,C
3401,20,A
3402,1,G
3403,0,C
3404,18,A
3405,0,G
3406,0,C
3407,18,A
3408,19,A
3409,19,C
3410,19,A
3411,0,G
3412,1,C
3413,19,A
3414,17,G
3415,18,C
3416,20,A
3417,1,G
3418,1,C
3419,20,A
3420,0,G
3421,0,C
3422,0,A
3423,0,U
3424,0,A
3425,20,G
3426,0,U
3427,0,G
3428,0,U
3429,0,G
3430,0,C
3431,20,A
3432,0,G
3433,0,C
3434,20,A
3435,20,G
3436,20,C
3437,20,A
3438,20,A
3439,20,C
3440,20,A
3441,0,G
3442,0,C
3443,20,A
3444,0,G
3445,0,C
3446,0,A
3447,0,C
3448,0,A
3449,20,A
3450,0,U
3451,0,G
3452,0,U
3453,0,G
3454,0,C
3455,20,A
3456,20,A
3457,3,C
3458,3,A
3459,0,G
3460,0,C
3461,3,A
3462,0,G
3463,17,C
3464,19,A
3465,17,U
3466,18,G
3467,18,G
3468,1,C
3469,0,G
3470,0,U
3471,0,G
3472,2,C
3473,3,A
3474,2,G
3475,19,C
3476,20,A
3477,2,G
3478,2,C
3479,3,A
3480,19,A
3481,17,C
3482,17,A
3483,17,U
3484,17,G
3485,3,U
3486,1,C
3487,1,C
3488,1,A
3489,0,G
3490,0,C
3491,19,A
3492,0,G
3493,0,C
3494,20,A
3495,19,A
3496,19,C
3497,19,C
3498,19,A
3499,19,C
3500,19,C
3501,2,G
3502,2,C
3503,20,C
3504,20,C
3505,20,U
3506,20,C
3507,0,G
3508,0,U
3509,0,A
3510,0,U
3511,0,C
3512,0,A
3513,20,G
3514,0,C
3515,0,A
3516,20,U
3517,0,G
3518,0,C
3519,0,C
3520,0,A
3521,20,C
3522,20,G
3523,20,C
3524,20,G
3525,0,U
3526,0,G
3527,0,G
3528,0,C
3529,20,C
3530,0,U
3531,0,G
3532,20,A
3533,0,U
3534,0,G
3535,0,A
3536,0,U
3537,0,G
3538,0,C
3539,20,A
3540,3,A
3541,3,C
3542,3,A
3543,1,G
3544,1,C
3545,18,A
3546,0,G
3547,0,C
3548,0,C
3549,0,G
3550,18,C
3551,20,A
3552,20,G
3553,20,C
3554,20,A
3555,2,C
3556,2,G
3557,0,G
3558,0,C
3559,0,G
3560,0,G
3561,0,C
3562,0,U
3563,20,A
3564,20,U
3565,20,C
3566,2,A
3567,0,G
3568,0,C
3569,2,A
3570,1,G
3571,19,C
3572,20,A
3573,20,A
3574,0,G
3575,0,C
3576,0,U
3577,0,G
3578,0,C
3579,20,C
3580,20,A
3581,20,U
3582,19,C
3583,19,A
3584,0,U
3585,0,G
3586,1,U
3587,20,C
3588,18,G
3589,18,C
3590,19,A
3591,1,A
3592,2,C
3593,2,A
3594,18,G
3595,18,C
3596,20,A
3597,1,G
3598,1,C
3599,2,A
3600,0,G
3601,0,C
3602,20,A
3603,20,A
3604,0,U
3605,0,U
3606,0,G
3607,0,C
3608,1,U
3609,19,C
3610,1,A
3611,1,G
3612,1,C
3613,2,C
3614,20,A
3615,17,G
3616,0,C
3617,2,A
3618,0,G
3619,0,C
3620,3,A
3621,17,G
3622,0,C
3623,3,A
3624,0,G
3625,17,C
3626,3,A
3627,1,G
3628,1,U
3629,20,C
3630,0,G
3631,0,C
3632,2,A
3633,2,C
3634,2,C
3635,2,A
3636,2,C
3637,2,C
3638,2,A
3639,1,G
3640,0,C
3641,2,A
3642,17,G
3643,1,C
3644,3,A
3645,17,G
3646,0,C
3647,3,A
3648,18,G
3649,1,C
3650,3,A
3651,0,G
3652,17,C
3653,20,A
3654,17,G
3655,17,C
3656,20,A
3657,20,A
3658,0,C
3659,0,A
3660,0,U
3661,0,G
3662,0,C
3663,0,C
3664,0,G
3665,0,C
3666,0,U
3667,0,G
3668,0,C
3669,0,C
3670,20,U
3671,0,A
3672,0,C
3673,0,C
3674,0,A
3675,20,G
3676,0,C
3677,0,A
3678,20,G
3679,0,C
3680,0,A
3681,0,C
3682,20,A
3683,20,A
3684,20,C
3685,20,A
3686,20,U
3687,20,C
3688,20,U
3689,20,A
3690,20,U
3691,0,G
3692,0,C
3693,20,A
3694,20,C
3695,20,A
3696,0,G
3697,0,C
3698,20,A
3699,0,G
3700,0,C
3701,20,A
3702,20,A
3703,20,C
3704,20,A
3705,0,G
3706,0,C
3707,20,A
3708,0,G
3709,0,C
3710,20,A
3711,0,G
3712,0,C
3713,20,A
3714,0,G
3715,0,C
3716,20,A
3717,20,G
3718,20,C
3719,20,A
3720,0,G
3721,0,C
3722,20,A
3723,20,U
3724,20,C
3725,20,A
3726,20,U
3727,20,C
3728,20,A
3729,20,A
3730,20,C
3731,20,A
3732,0,G
3733,0,C
3734,20,A
3735,0,G
3736,0,C
3737,20,A
3738,20,A
3739,20,C
3740,20,A
3741,0,G
3742,0,C
3743,20,A
3744,0,G
3745,0,C
3746,20,A
3747,20,A
3748,0,C
3749,0,A
3750,0,U
3751,0,C
3752,0,A
3753,0,U
3754,0,C
3755,0,A
3756,0,C
3757,0,U
3758,20,U
3759,0,C
3760,0,C
3761,0,A
3762,0,C
3763,0,C
3764,0,A
3765,0,C
3766,0,C
3767,20,A
3768,19,G
3769,19,C
3770,20,A
3771,20,A
3772,20,C
3773,20,A
3774,20,A
3775,20,C
3776,2,A
3777,0,G
3778,0,C
3779,19,A
3780,0,G
3781,0,C
3782,0,C
3783,19,A
3784,20,C
3785,20,A
3786,1,G
3787,0,C
3788,0,C
3789,0,A
3790,19,C
3791,20,A
3792,0,G
3793,0,U
3794,2,C
3795,0,G
3796,0,C
3797,20,A
3798,20,U
3799,20,C
3800,20,A
3801,2,U
3802,2,U
3803,2,C
3804,0,G
3805,0,C
3806,1,A
3807,19,C
3808,20,C
3809,19,A
3810,0,U
3811,1,C
3812,19,A
3813,0,U
3814,0,G
3815,0,G
3816,0,C
3817,20,C
3818,20,A
3819,19,U
3820,1,G
3821,0,G
3822,18,U
3823,19,C
3824,19,A
3825,0,U
3826,0,G
3827,0,A
3828,1,C
3829,1,A
3830,20,A
3831,20,C
3832,20,A
3833,19,G
3834,19,C
3835,20,A
3836,20,A
3837,19,C
3838,19,A
3839,0,U
3840,0,G
3841,0,U
3842,0,C
3843,0,G
3844,19,C
3845,18,U
3846,19,U
3847,1,C
3848,1,C
3849,19,C
3850,18,U
3851,18,C
3852,0,G
3853,0,C
3854,1,C
3855,1,A
3856,19,A
3857,0,C
3858,0,U
3859,1,G
3860,1,C
3861,0,G
3862,0,G
3863,0,C
3864,0,U
3865,0,G
3866,0,C
3867,19,A
3868,0,G
3869,0,C
3870,0,G
3871,0,G
3872,0,C
3873,1,G
3874,1,G
3875,1,C
3876,1,G
3877,0,G
3878,0,C
3879,19,C
3880,19,G
3881,19,C
3882,19,U
3883,19,G
3884,19,C
3885,19,U
3886,0,G
3887,0,C
3888,0,U
3889,0,G
3890,0,C
3891,0,U
3892,0,G
3893,0,C
3894,0,U
3895,1,G
3896,0,C
3897,19,G
3898,0,G
3899,1,C
3900,1,A
3901,0,G
3902,0,C
3903,1,C
3904,0,G
3905,0,C
3906,0,A
3907,0,G
3908,19,C
3909,20,C
3910,1,G
3911,1,C
3912,1,U
3913,1,C
3914,1,A
3915,1,U
3916,0,C
3917,19,U
3918,19,G
3919,19,C
3920,20,A
3921,19,G
3922,19,C
3923,20,G
3924,20,U
3925,19,C
3926,19,C
3927,0,G
3928,1,A
3929,1,U
3930,1,G
3931,0,A
3932,0,G
3933,0,C
3934,19,A
3935,18,G
3936,19,C
3937,0,A
3938,0,G
3939,0,C
3940,19,A
3941,0,G
3942,0,C
3943,0,A
3944,0,G
3945,20,C
3946,0,U
3947,0,C
3948,0,C
3949,0,G
3950,0,G
3951,0,C
3952,0,G
3953,0,G
3954,0,C
3955,20,A
3956,0,C
3957,0,C
3958,0,A
3959,0,A
3960,0,U
3961,0,A
3962,0,G
3963,0,C
3964,0,A
3965,0,G
3966,0,C
3967,20,A
3968,20,A
3969,20,C
3970,20,A
3971,0,G
3972,0,U
3973,0,A
3974,0,G
3975,0,C
3976,20,G
3977,0,G
3978,0,U
3979,20,G
3980,0,G
3981,0,C
3982,0,A
3983,0,G
3984,0,C
3985,0,A
3986,0,G
3987,0,C
3988,20,A
3989,20,A
3990,20,C
3991,20,A
3992,0,G
3993,0,U
3994,20,C
3995,20,C
3996,0,G
3997,0,C
3998,20,U
3999,20,C
4000,20,C
4001,20,U
4002,20,A
4003,20,G
4004,20,A
4005,20,U
4006,0,G
4007,0,C
4008,20,A
4009,20,A
4010,0,A
4011,0,C
4012,0,G
4013,0,C
4014,0,U
4015,0,G
4016,0,C
4017,0,U
4018,0,G
4019,0,C
4020,20,G
4021,0,G
4022,0,C
4023,20,A
4024,0,G
4025,0,C
4026,0,U
4027,0,G
4028,0,C
4029,20,A
4030,0,G
4031,0,C
4032,0,U
4033,0,G
4034,0,C
4035,0,U
4036,20,U
4037,20,U
4038,0,G
4039,0,U
4040,0,U
4041,0,G
4042,0,G
4043,20,A
4044,20,C
4045,20,A
4046,20,C
4047,20,A
4048,20,A
4049,0,A
4050,0,G
4051,0,C
4052,0,C
4053,20,A
4054,20,C
4055,20,U
4056,20,C
4057,20,A
4058,20,U
4059,20,C
4060,20,C
4061,20,A
4062,20,A
4063,20,A
4064,20,G
4065,20,C
4066,20,U
4067,20,U
4068,20,G
4069,0,G
4070,0,G
4071,0,C
4072,0,U
4073,20,U
4074,0,G
4075,0,C
4076,0,C
4077,0,G
4078,0,C
4079,0,C
4080,0,G
4081,0,G
4082,0,A
4083,20,U
4084,0,C
4085,0,U
4086,0,G
4087,0,C
4088,19,A
4089,0,G
4090,0,C
4091,0,U
4092,20,U
4093,1,G
4094,0,A
4095,18,G
4096,18,U
4097,18,U
4098,2,U
4099,0,G
4100,0,U
4101,0,G
4102,0,A
4103,1,A
4104,19,C
4105,19,G
4106,0,G
4107,0,C
4108,0,G
4109,0,G
4110,1,C
4111,18,C
4112,18,A
4113,0,U
4114,0,G
4115,0,G
4116,1,C
4117,20,A
4118,20,U
4119,20,U
4120,20,A
4121,20,A
4122,19,G
4123,19,A
4124,19,A
4125,19,C
4126,18,C
4127,19,C
4128,0,G
4129,1,C
4130,0,U
4131,0,G
4132,0,G
4133,0,C
4134,1,C
4135,0,G
4136,0,U
4137,0,G
4138,18,G
4139,20,A
4140,19,G
4141,19,A
4142,20,A
4143,20,U
4144,1,G
4145,1,C
4146,0,C
4147,0,C
4148,20,A
4149,20,C
4150,0,G
4151,0,G
4152,0,U
4153,0,G
4154,0,G
4155,0,C
4156,0,C
4157,0,A
4158,0,U
4159,20,C
4160,20,A
4161,20,C
4162,20,C
4163,20,G
4164,20,A
4165,20,A
4166,20,U
4167,20,U
4168,20,C
4169,20,G
4170,20,C
4171,20,A
4172,20,A
4173,0,C
4174,0,A
4175,0,U
4176,0,C
4177,0,G
4178,0,A
4179,0,U
4180,20,U
4181,20,G
4182,20,C
4183,0,A
4184,0,U
4185,0,U
4186,0,G
4187,0,A
4188,0,U
4189,0,G
4190,20,A
4191,20,U
4192,20,C
4193,20,U
4194,20,C
4195,20,A
4196,20,G
4197,20,C
4198,20,A
4199,20,A
4200,20,G
4201,20,C
4202,0,A
4203,0,U
4204,0,G
4205,0,G
4206,0,C
4207,0,C
4208,0,A
4209,0,C
4210,0,C
4211,20,A
4212,19,C
4213,19,U
4214,19,C
4215,0,G
4216,0,C
4217,19,A
4218,1,G
4219,0,C
4220,19,A
4221,19,C
4222,20,C
4223,20,A
4224,19,A
4225,19,C
4226,19,A
4227,1,G
4228,1,C
4229,20,A
4230,1,G
4231,1,C
4232,20,A
4233,1,G
4234,0,G
4235,0,G
4236,0,C
4237,18,U
4238,18,C
4239,1,G
4240,0,C
4241,1,C
4242,0,G
4243,0,C
4244,20,A
4245,0,G
4246,0,C
4247,0,A
4248,19,G
4249,20,C
4250,19,A
4251,19,A
4252,19,A
4253,19,A
4254,19,U
4255,20,A
4256,0,U
4257,0,G
4258,0,C
4259,20,A
4260,20,A
4261,20,C
4262,20,A
4263,20,A
4264,20,U
4265,20,C
4266,0,G
4267,0,G
4268,0,U
4269,0,G
4270,0,C
4271,20,A
4272,0,A
4273,0,C
4274,20,A
4275,20,G
4276,20,C
4277,20,A
4278,0,G
4279,0,U
4280,20,C
4281,0,G
4282,0,G
4283,0,U
4284,0,G
4285,0,C
4286,20,A
4287,20,A
4288,20,C
4289,20,A
4290,0,G
4291,0,C
4292,0,A
4293,0,G
4294,20,C
4295,20,A
4296,20,A
4297,20,U
4298,20,C
4299,20,C
4300,0,C
4301,0,U
4302,0,G
4303,0,C
4304,20,A
4305,0,G
4306,0,C
4307,20,A
4308,0,G
4309,0,C
4310,20,A
4311,20,A
4312,20,C
4313,20,A
4314,0,G
4315,0,C
4316,20,A
4317,0,G
4318,0,C
4319,20,A
4320,20,G
4321,20,C
4322,20,A
4323,0,G
4324,0,C
4325,0,A
4326,0,C
4327,0,C
4328,20,A
4329,20,U
4330,20,C
4331,20,A
4332,0,G
4333,0,C
4334,0,A
4335,0,C
4336,0,C
4337,20,A
4338,20,C
4339,20,A
4340,20,G
4341,20,U
4342,20,A
4343,20,A
4344,20,C
4345,20,A
4346,1,G
4347,1,C
4348,1,A
4349,19,G
4350,0,U
4351,0,G
4352,0,C
4353,20,A
4354,20,A
4355,18,G
4356,18,C
4357,18,A
4358,2,G
4359,2,C
4360,2,A
4361,20,A
4362,0,U
4363,0,G
4364,0,C
4365,20,C
4366,20,A
4367,19,G
4368,19,C
4369,19,A
4370,20,G
4371,18,U
4372,18,C
4373,18,A
4374,0,U
4375,0,G
4376,0,G
4377,20,A
4378,0,U
4379,0,C
4380,0,C
4381,0,G
4382,0,C
4383,0,C
4384,0,G
4385,0,A
4386,0,A
4387,0,G
4388,0,C
4389,0,C
4390,0,C
4391,20,U
4392,20,U
4393,20,U
4394,20,G
4395,20,C
4396,20,A
4397,20,U
4398,0,G
4399,0,G
4400,0,G
4401,0,C
4402,0,U
4403,20,C
4404,20,A
4405,0,U
4406,20,C
4407,0,C
4408,0,G
4409,0,G
4410,0,C
4411,0,G
4412,0,G
4413,0,A
4414,20,G
4415,0,C
4416,0,C
4417,2,A
4418,18,A
4419,0,U
4420,0,G
4421,0,A
4422,1,G
4423,0,G
4424,18,A
4425,0,U
4426,0,U
4427,1,C
4428,18,G
4429,2,U
4430,1,C
4431,0,G
4432,1,U
4433,0,C
4434,0,G
4435,0,G
4436,0,G
4437,0,C
4438,0,A
4439,0,A
4440,0,C
4441,20,A
4442,20,A
4443,20,U
4444,20,A
4445,20,A
4446,0,G
4447,0,U
4448,0,U
4449,20,C
4450,0,G
4451,0,U
4452,0,C
4453,0,U
4454,0,G
4455,19,C
4456,20,C
4457,0,G
4458,0,C
4459,0,G
4460,20,U
4461,0,C
4462,0,U
4463,0,G
4464,0,C
4465,20,A
4466,0,U
4467,0,G
4468,0,A
4469,0,A
4470,0,G
4471,20,A
4472,20,C
4473,20,A
4474,0,U
4475,0,U
4476,0,C
4477,0,U
4478,0,C
4479,0,G
4480,0,C
4481,20,U
4482,0,G
4483,0,C
4484,0,A
4485,0,G
4486,20,C
4487,20,G
4488,20,C
4489,0,C
4490,0,U
4491,0,G
4492,0,C
4493,20,U
4494,20,C
4495,20,A
4496,20,A
4497,20,U
4498,20,C
4499,0,G
4500,0,G
4501,0,C
4502,0,A
4503,0,C
4504,20,A
4505,20,U
4506,20,G
4507,20,A
4508,20,A
4509,0,G
4510,0,U
4511,0,G
4512,0,U
4513,0,C
4514,20,A
4515,20,C
4516,20,U
4517,0,C
4518,0,G
4519,0,G
4520,0,A
4521,20,C
4522,0,A
4523,0,U
4524,0,C
4525,20,A
4526,20,A
4527,20,G
4528,20,C
4529,0,G
4530,0,G
4531,0,U
4532,20,A
4533,0,U
4534,0,C
4535,0,U
4536,0,G
4537,20,U
4538,0,G
4539,0,C
4540,0,A
4541,0,C
4542,20,G
4543,20,U
4544,20,U
4545,20,C
4546,0,U
4547,0,G
4548,0,C
4549,0,G
4550,0,G
4551,0,C
4552,20,A
4553,20,A
4554,20,G
4555,0,G
4556,0,G
4557,0,A
4558,0,U
4559,20,U
4560,20,C
4561,20,A
4562,20,A
4563,0,C
4564,0,G
4565,0,A
4566,20,C
4567,20,A
4568,20,C
4569,20,C
4570,20,U
4571,0,U
4572,0,C
4573,0,G
4574,20,A
4575,20,C
4576,20,C
4577,20,U
4578,20,C
4579,20,A
4580,20,A
4581,0,G
4582,0,C
4583,0,G
4584,0,C
4585,20,C
4586,20,A
4587,20,C
4588,20,A
4589,20,C
4590,0,G
4591,0,C
4592,0,G
4593,0,C
4594,20,A
4595,0,C
4596,0,C
4597,0,C
4598,20,A
4599,20,C
4600,20,A
4601,20,C
4602,0,G
4603,0,G
4604,0,G
4605,20,C
4606,0,G
4607,0,U
4608,0,C
4609,0,C
4610,20,G
4611,0,G
4612,0,C
4613,0,C
4614,0,G
4615,0,U
4616,0,A
4617,20,C
4618,20,A
4619,20,A
4620,0,G
4621,0,U
4622,0,G
4623,0,C
4624,20,A
4625,20,A
4626,20,U
4627,20,C
4628,20,U
4629,20,C
4630,20,U
4631,0,G
4632,0,C
4633,0,G
4634,0,A
4635,0,G
4636,0,A
4637,0,A
4638,20,G
4639,20,A
4640,20,G
4641,0,C
4642,0,U
4643,0,U
4644,0,C
4645,0,A
4646,20,C
4647,0,G
4648,0,C
4649,0,A
4650,0,G
4651,0,C
4652,0,G
4653,0,C
4654,20,U
4655,1,G
4656,1,U
4657,1,U
4658,1,C
4659,1,C
4660,1,C
4661,1,U
4662,0,C
4663,0,G
4664,19,A
4665,0,G
4666,0,U
4667,0,C
4668,0,G
4669,0,C
4670,19,A
4671,19,C
4672,19,U
4673,0,G
4674,0,C
4675,0,C
4676,19,A
4677,20,G
4678,20,A
4679,20,A
4680,0,G
4681,0,G
4682,0,U
4683,19,G
4684,19,C
4685,20,A
4686,20,U
4687,20,A
4688,1,G
4689,1,C
4690,1,G
4691,1,U
4692,1,U
4693,1,C
4694,1,A
4695,0,G
4696,0,C
4697,0,A
4698,19,C
4699,19,C
4700,20,A
4701,20,G
4702,20,U
4703,20,A
4704,0,U
4705,0,G
4706,19,C
4707,0,C
4708,0,U
4709,20,A
4710,20,C
4711,20,A
4712,19,A
4713,19,G
4714,0,G
4715,1,A
4716,0,G
4717,0,C
4718,0,G
4719,0,C
4720,20,A
4721,0,G
4722,0,A
4723,0,G
4724,0,C
4725,19,C
4726,20,A
4727,1,A
4728,1,G
4729,1,A
4730,0,U
4731,0,G
4732,0,U
4733,20,A
4734,20,C
4735,0,G
4736,0,U
4737,0,G
4738,0,U
4739,0,G
4740,0,C
4741,0,G
4742,0,A
4743,0,G
4744,20,G
4745,20,A
4746,0,G
4747,0,U
4748,0,G
4749,19,C
4750,0,G
4751,0,G
4752,19,A
4753,20,C
4754,20,A
4755,20,C
4756,20,A
4757,1,C
4758,1,C
4759,19,A
4760,0,C
4761,0,C
4762,19,U
4763,1,G
4764,0,C
4765,0,G
4766,1,A
4767,1,G
4768,20,C
4769,0,C
4770,0,G
4771,1,G
4772,0,A
4773,0,G
4774,0,G
4775,0,U
4776,20,C
4777,20,C
4778,20,A
4779,20,C
4780,20,U
4781,20,A
4782,0,U
4783,0,C
4784,0,U
4785,19,G
4786,19,C
4787,19,A
4788,19,C
4789,20,C
4790,19,U
4791,19,G
4792,19,A
4793,1,A
4794,0,G
4795,0,A
4796,19,A
4797,19,C
4798,20,A
4799,1,A
4800,1,C
4801,1,C
4802,20,A
4803,1,U
4804,1,C
4805,1,C
4806,0,G
4807,19,U
4808,19,U
4809,0,C
4810,0,U
4811,0,C
4812,0,G
4813,1,C
4814,20,C
4815,0,G
4816,0,G
4817,20,C
4818,0,G
4819,0,C
4820,0,U
4821,0,G
4822,0,C
4823,0,U
4824,0,U
4825,20,A
4826,20,A
4827,0,G
4828,0,U
4829,0,U
4830,20,C
4831,20,U
4832,20,A
4833,20,C
4834,0,G
4835,0,A
4836,0,C
4837,0,A
4838,0,A
4839,0,G
4840,0,C
4841,0,G
4842,0,G
4843,0,C
4844,20,A
4845,19,C
4846,19,U
4847,20,U
4848,20,U
4849,20,A
4850,20,A
4851,19,G
4852,19,U
4853,19,U
4854,0,C
4855,0,A
4856,0,C
4857,20,C
4858,19,A
4859,19,A
4860,0,C
4861,0,U
4862,0,C
4863,0,G
4864,0,C
4865,0,A
4866,19,G
4867,20,U
4868,20,U
4869,1,C
4870,1,G
4871,1,C
4872,20,C
4873,20,A
4874,1,A
4875,1,C
4876,20,A
4877,1,A
4878,1,U
4879,0,C
4880,0,U
4881,0,G
4882,0,C
4883,1,U
4884,0,C
4885,0,G
4886,0,G
4887,0,C
4888,0,C
4889,0,A
4890,20,G
4891,0,C
4892,0,U
4893,0,G
4894,0,C
4895,0,C
4896,0,C
4897,0,A
4898,0,U
4899,0,G
4900,0,C
4901,0,C
4902,1,A
4903,0,G
4904,0,U
4905,0,C
4906,0,C
4907,0,A
4908,0,C
4909,0,A
4910,0,A
4911,0,U
4912,0,U
4913,0,A
4914,0,G
4915,0,U
4916,0,U
4917,20,G
4918,0,A
4919,0,U
4920,0,G
4921,0,G
4922,20,A
4923,0,U
4924,0,U
4925,0,U
4926,0,U
4927,0,A
4928,20,G
4929,20,U
4930,20,U
4931,20,A
4932,20,U
4933,20,A
4934,20,U
4935,20,A
4936,20,G
4937,20,A
4938,20,A
4939,0,U
4940,0,A
4941,0,G
4942,0,G
4943,0,A
4944,20,A
4945,0,C
4946,0,C
4947,0,A
4948,0,U
4949,0,U
4950,0,C
4951,0,G
4952,0,A
4953,20,U
4954,20,C
4955,0,G
4956,0,A
4957,0,U
4958,0,U
4959,0,C
4960,0,G
4961,0,A
4962,20,A
4963,20,U
4964,20,C
4965,0,A
4966,0,U
4967,0,U
4968,0,C
4969,0,G
4970,0,A
4971,20,A
4972,20,U
4973,20,A
4974,20,A
4975,20,C
4976,0,U
4977,0,C
4978,0,G
4979,0,A
4980,0,A
4981,0,U
4982,20,C
4983,20,A
4984,20,C
4985,0,U
4986,0,C
4987,0,G
4988,0,A
4989,0,A
4990,0,U
4991,0,C
4992,20,A
4993,20,C
4994,0,U
4995,0,C
4996,0,G
4997,0,A
4998,20,A
4999,0,U
5000,0,C
5001,0,A
5002,0,C
5003,20,U
5004,20,U
5005,20,A
5006,20,A
5007,20,G
5008,20,C
5009,20,A
5010,20,A
5011,20,A
5012,20,C
5013,20,C
5014,20,A
5015,20,A
5016,20,C
5017,20,A
5018,20,U
5019,20,U
5020,0,G
5021,0,U
5022,0,G
5023,0,A
5024,20,C
5025,20,U
5026,20,U
5027,20,U
5028,20,G
5029,20,A
5030,0,A
5031,0,G
5032,0,U
5033,0,U
5034,0,U
5035,0,U
5036,20,U
5037,20,U
5038,20,G
5039,0,A
5040,0,A
5041,0,A
5042,0,A
5043,0,C
5044,0,U
5045,0,G
5046,0,C
5047,0,C
5048,0,C
5049,0,C
5050,0,C
5051,20,C
5052,0,C
5053,0,C
5054,0,U
5055,0,C
5056,0,C
5057,20,U
5058,20,U
5059,20,U
5060,20,U
5061,20,G
5062,20,C
5063,0,G
5064,0,G
5065,0,A
5066,0,G
5067,0,G
5068,20,A
5069,20,U
5070,20,A
5071,0,C
5072,0,G
5073,0,G
5074,0,A
5075,20,A
5076,0,U
5077,0,U
5078,0,A
5079,0,U
5080,0,U
5081,0,G
5082,20,G
5083,20,A
5084,0,G
5085,0,A
5086,11,U
5087,9,U
5088,0,A
5089,0,U
5090,0,G
5091,0,C
5092,20,U
5093,20,U
5094,0,A
5095,0,U
5096,0,U
5097,0,A
5098,0,U
5099,0,G
5100,0,U
5101,0,A
5102,20,U
5103,20,A
5104,20,U
5105,20,U
5106,20,U
5107,20,U
5108,0,U
5109,0,G
5110,0,C
5111,0,G
5112,0,U
5113,0,A
5114,0,G
5115,0,U
5116,20,C
5117,0,C
5118,0,U
5119,0,A
5120,0,A
5121,20,G
5122,20,A
5123,20,A
5124,20,A
5125,20,A
5126,0,U
5127,0,U
5128,0,A
5129,0,G
5130,20,U
5131,0,U
5132,0,A
5133,0,C
5134,0,U
5135,0,A
5136,0,G
5137,0,U
5138,0,U
5139,20,A
5140,20,C
5141,20,U
5142,20,A
5143,20,G
5144,20,C
5145,20,U
5146,20,G
5147,0,A
5148,0,A
5149,0,U
5150,0,U
5151,0,A
5152,0,G
5153,0,U
5154,0,A
5155,20,C
5156,20,C
5157,20,C
5158,20,A
5159,20,C
5160,20,U
5161,20,G
5162,20,U
5163,20,A
5164,20,U
5165,20,C
5166,20,A
5167,20,U
5168,0,G
5169,0,C
5170,0,U
5171,20,A
5172,0,C
5173,0,C
5174,0,C
5175,0,C
5176,20,A
5177,20,C
5178,0,U
5179,0,U
5180,0,C
5181,0,A
5182,0,C
5183,0,U
5184,20,U
5185,0,U
5186,0,G
5187,0,C
5188,20,U
5189,20,G
5190,20,U
5191,0,G
5192,0,C
5193,0,A
5194,20,A
5195,20,A
5196,0,U
5197,0,C
5198,0,U
5199,0,C
5200,0,U
5201,0,C
5202,0,U
5203,0,C
5204,0,A
5205,0,C
5206,0,U
5207,0,U
5208,0,G
5209,0,A
5210,0,G
5211,20,A
5212,20,A
5213,20,A
5214,20,A
5215,0,C
5216,0,U
5217,0,C
5218,0,G
5219,0,A
5220,0,G
5221,0,U
5222,20,U
5223,20,C
5224,20,C
5225,0,C
5226,0,U
5227,0,U
5228,0,U
5229,0,U
5230,0,C
5231,0,U
5232,0,U
5233,0,U
5234,20,A
5235,0,U
5236,0,U
5237,0,G
5238,0,U
5239,0,U
5240,20,A
5241,20,A
5242,0,U
5243,0,C
5244,0,U
5245,0,U
5246,0,G
5247,20,A
5248,20,A
5249,0,U
5250,0,U
5251,0,U
5252,0,U
5253,0,C
5254,0,G
5255,0,U
5256,0,U
5257,0,U
5258,20,A
5259,1,U
5260,1,U
5261,1,U
5262,1,C
5263,1,A
5264,1,A
5265,0,G
5266,19,U
5267,19,A
5268,19,U
5269,19,G
5270,19,G
5271,19,A
5272,19,U
5273,0,C
5274,1,U
5275,0,U
5276,19,U
5277,19,C
5278,0,G
5279,1,A
5280,1,A
5281,1,A
5282,20,A
5283,1,A
5284,1,A
5285,1,A
5286,1,A
5287,1,A
5288,1,A
5289,0,C
5290,0,U
5291,1,C
5292,1,G
5293,0,U
5294,0,U
5295,0,G
5296,1,U
5297,1,U
5298,20,A
5299,1,G
5300,1,U
5301,19,C
5302,19,A
5303,19,A
5304,20,A
5305,20,A
5306,19,A
5307,19,G
5308,20,A
5309,19,A
5310,19,A
5311,0,G
5312,0,G
5313,0,U
5314,0,A
5315,0,U
5316,20,C
5317,20,G
5318,0,U
5319,0,U
5320,0,A
5321,0,G
5322,20,G
5323,0,A
5324,0,C
5325,0,G
5326,0,U
5327,20,A
5328,20,A
5329,20,G
5330,20,A
5331,20,A
5332,0,A
5333,0,U
5334,0,G
5335,0,U
5336,0,U
5337,0,U
5338,0,G
5339,0,A
5340,20,A
5341,20,A
5342,0,A
5343,0,U
5344,0,G
5345,0,C
5346,0,U
5347,19,U
5348,0,U
5349,0,G
5350,0,A
5351,0,G
5352,20,C
5353,20,A
5354,20,A
5355,20,C
5356,20,A
5357,0,C
5358,0,U
5359,0,C
5360,1,A
5361,20,C
5362,20,A
5363,20,C
5364,20,A
5365,20,A
5366,20,A
5367,20,U
5368,20,U
5369,1,A
5370,0,U
5371,0,G
5372,0,A
5373,0,A
5374,1,U
5375,0,G
5376,19,A
5377,0,U
5378,0,C
5379,1,G
5380,0,C
5381,0,G
5382,0,U
5383,19,A
5384,19,U
5385,20,A
5386,20,C
5387,0,A
5388,0,U
5389,0,A
5390,0,U
5391,0,A
5392,0,U
5393,0,U
5394,20,A
5395,20,G
5396,20,A
5397,20,A
5398,20,G
5399,20,A
5400,20,A
5401,0,A
5402,0,A
5403,0,U
5404,0,A
5405,0,U
5406,0,A
5407,0,U
5408,20,A
5409,20,U
5410,20,U
5411,20,A
5412,20,A
5413,20,A
5414,20,U
5415,20,A
5416,20,U
5417,1,U
5418,0,U
5419,0,A
5420,0,G
5421,0,C
5422,19,U
5423,19,U
5424,19,U
5425,19,A
5426,19,A
5427,20,G
5428,20,A
5429,20,U
5430,1,G
5431,0,U
5432,0,U
5433,1,A
5434,0,A
5435,19,G
5436,0,A
5437,0,G
5438,0,C
5439,0,U
5440,19,A
5441,20,C
5442,20,C
5443,20,A
5444,20,A
5445,20,C
5446,20,C
5447,20,G
5448,20,A
5449,20,A
5450,20,C
5451,20,A
5452,1,A
5453,1,G
5454,0,C
5455,0,U
5456,19,G
5457,19,C
5458,20,A
5459,20,A
5460,1,A
5461,0,C
5462,0,G
5463,19,U
5464,0,U
5465,0,G
5466,0,G
5467,1,C
5468,1,A
5469,1,U
5470,1,U
5471,1,U
5472,0,A
5473,0,U
5474,19,U
5475,0,U
5476,0,G
5477,0,U
5478,20,C
5479,0,U
5480,0,U
5481,0,C
5482,20,A
5483,20,A
5484,20,C
5485,20,A
5486,20,A
5487,20,A
5488,20,A
5489,20,C
5490,20,A
5491,0,G
5492,0,A
5493,0,A
5494,20,C
5495,0,A
5496,0,C
5497,0,A
5498,19,A
5499,19,A
5500,19,U
5501,20,C
5502,20,A
5503,20,A
5504,20,A
5505,20,A
5506,20,A
5507,20,A
5508,20,C
5509,20,A
5510,20,A
5511,20,A
5512,20,A
5513,1,A
5514,1,C
5515,20,U
5516,20,U
5517,1,C
5518,1,G
5519,1,A
5520,1,A
5521,20,A
5522,20,A
5523,0,A
5524,0,A
5525,0,A
5526,0,A
5527,0,G
5528,0,A
5529,0,A
5530,0,A
5531,0,A
5532,0,A
5533,0,A
5534,0,A
5535,20,A
5536,0,A
5537,0,A
5538,0,A
5539,0,C
5540,0,A
5541,0,G
5542,0,A
5543,1,A
5544,19,C
5545,0,G
5546,1,C
5547,19,G
5548,19,U
5549,19,A
5550,19,G
5551,19,A
5552,1,G
5553,0,C
5554,0,A
5555,0,A
5556,0,U
5557,1,G
5558,20,A
5559,1,G
5560,0,C
5561,0,G
5562,19,C
5563,0,G
5564,0,G
5565,0,U
5566,0,U
5567,19,C
5568,0,G
5569,1,G
5570,19,A
5571,19,U
5572,19,A
5573,19,A
5574,19,C
5575,20,A
5576,1,U
5577,1,A
5578,1,U
5579,0,G
5580,0,U
5581,19,U
5582,19,A
5583,19,U
5584,20,A
5585,20,U
5586,1,A
5587,1,C
5588,1,A
5589,1,U
5590,1,A
5591,20,C
5592,20,A
5593,20,C
5594,20,A
5595,20,C
5596,20,C
5597,20,A
5598,1,C
5599,1,C
5600,1,A
5601,1,A
5602,1,C
5603,1,C
5604,20,A
5605,20,U
5606,20,A
5607,1,C
5608,1,G
5609,1,C
5610,20,A
5611,20,U
5612,0,U
5613,0,A
5614,0,A
5615,0,U
5616,0,A
5617,20,U
5618,20,A
5619,20,U
5620,20,U
5621,0,U
5622,0,A
5623,0,U
5624,0,U
5625,0,A
5626,20,C
5627,20,U
5628,20,U
5629,20,A
5630,20,A
5631,19,U
5632,19,C
5633,20,A
5634,19,C
5635,19,A
5636,19,A
5637,19,A
5638,19,A
5639,19,C
5640,20,C
5641,19,A
5642,0,C
5643,1,A
5644,0,U
5645,0,U
5646,0,G
5647,0,C
5648,20,A
5649,20,A
5650,20,A
5651,20,G
5652,20,A
5653,20,G
5654,0,G
5655,0,C
5656,19,A
5657,19,A
5658,20,A
5659,20,U
5660,20,C
5661,1,A
5662,1,U
5663,1,U
5664,1,C
5665,1,G
5666,1,A
5667,20,A
5668,20,U
5669,20,A
5670,20,A
5671,20,A
5672,20,C
5673,20,U
5674,20,A
5675,0,G
5676,0,G
5677,0,C
5678,0,U
5679,20,A
5680,20,G
5681,0,G
5682,0,A
5683,0,U
5684,20,C
5685,20,C
5686,20,U
5687,20,U
5688,20,A
5689,20,A
5690,20,A
5691,20,A
5692,20,U
5693,20,A
5694,0,A
5695,0,A
5696,0,C
5697,20,U
5698,20,A
5699,20,A
5700,20,A
5701,20,G
5702,20,C
5703,20,U
5704,0,G
5705,0,U
5706,0,U
5707,20,C
5708,20,A
5709,20,U
5710,20,A
5711,20,A
5712,20,A
5713,20,U
5714,20,G
5715,20,A
5716,20,A
5717,0,G
5718,0,U
5719,0,C
5720,20,A
5721,20,A
5722,0,A
5723,0,G
5724,0,C
5725,0,C
5726,20,C
5727,20,A
5728,20,A
5729,20,C
5730,20,A
5731,20,A
5732,20,A
5733,20,A
5734,20,A
5735,20,A
5736,1,U
5737,1,C
5738,1,C
5739,1,A
5740,1,A
5741,20,C
5742,19,G
5743,19,U
5744,19,G
5745,19,U
5746,19,U
5747,0,U
5748,0,U
5749,0,G
5750,0,G
5751,0,A
5752,20,A
5753,20,A
5754,20,A
5755,1,U
5756,0,C
5757,0,G
5758,0,A
5759,0,A
5760,0,U
5761,19,C
5762,0,G
5763,0,C
5764,0,G
5765,1,A
5766,1,G
5767,20,A
5768,0,A
5769,0,U
5770,1,A
5771,0,U
5772,0,G
5773,20,A
5774,0,U
5775,0,C
5776,19,U
5777,19,A
5778,19,C
5779,19,U
5780,0,G
5781,1,A
5782,20,A
5783,1,U
5784,1,A
5785,1,U
5786,1,A
5787,1,U
5788,20,A
5789,20,G
5790,1,U
5791,1,U
5792,0,U
5793,0,G
5794,0,C
5795,19,A
5796,20,A
5797,1,U
5798,1,A
5799,20,A
5800,20,U
5801,0,C
5802,0,U
5803,0,U
5804,0,A
5805,0,G
5806,20,C
5807,0,U
5808,0,U
5809,0,U
5810,0,U
5811,0,A
5812,0,G
5813,0,G
5814,20,C
5815,20,A
5816,0,A
5817,0,U
5818,0,A
5819,0,C
5820,0,C
5821,0,A
5822,20,C
5823,0,C
5824,0,A
5825,20,A
5826,0,U
5827,0,U
5828,0,G
5829,0,U
5830,20,A
5831,20,C
5832,0,U
5833,0,G
5834,20,A
5835,0,U
5836,0,C
5837,20,U
5838,20,U
5839,20,U
5840,20,A
5841,20,A
5842,20,U
5843,0,G
5844,0,A
5845,20,A
5846,0,C
5847,0,A
5848,20,A
5849,0,A
5850,0,C
5851,0,A
5852,0,A
5853,20,A
5854,20,A
5855,20,U
5856,20,A
5857,20,C
5858,20,U
5859,20,A
5860,20,A
5861,20,A
5862,20,C
5863,20,A
5864,20,C
5865,20,A
5866,20,A
5867,20,C
5868,20,A
5869,20,U
5870,20,A
5871,20,A
5872,20,A
5873,20,C
5874,20,A
5875,20,U
5876,20,A
5877,20,A
5878,20,A
5879,20,C
5880,20,A
5881,20,U
5882,20,A
5883,0,A
5884,0,C
5885,0,A
5886,0,U
5887,0,A
5888,0,A
5889,20,A
5890,20,U
5891,20,A
5892,20,A
5893,20,C
5894,20,A
5895,0,U
5896,0,U
5897,0,A
5898,0,U
5899,0,G
5900,0,U
5901,20,A
5902,20,U
5903,20,C
5904,0,U
5905,0,G
5906,20,A
5907,0,U
5908,0,G
5909,0,G
5910,0,U
5911,0,A
5912,0,U
5913,20,A
5914,20,A
5915,20,U
5916,20,U
5917,0,U
5918,0,C
5919,0,U
5920,0,A
5921,0,A
5922,0,G
5923,0,A
5924,20,C
5925,0,C
5926,0,U
5927,0,A
5928,0,G
5929,0,G
5930,19,U
5931,19,G
5932,0,U
5933,0,A
5934,20,A
5935,0,U
5936,0,G
5937,0,A
5938,0,A
5939,0,C
5940,20,U
5941,20,U
5942,20,U
5943,0,G
5944,0,A
5945,0,A
5946,0,U
5947,0,U
5948,0,U
5949,0,G
5950,0,G
5951,0,A
5952,0,U
5953,0,U
5954,0,C
5955,0,G
5956,20,A
5957,20,A
5958,20,U
5959,20,U
5960,0,U
5961,0,G
5962,0,A
5963,0,G
5964,0,U
5965,0,U
5966,0,U
5967,0,G
5968,0,A
5969,0,A
5970,0,U
5971,0,U
5972,0,U
5973,0,G
5974,0,U
5975,0,U
5976,0,U
5977,0,A
5978,20,C
5979,20,G
5980,20,A
5981,20,U
5982,0,U
5983,0,G
5984,0,C
5985,0,A
5986,0,G
5987,20,G
5988,20,G
5989,20,A
5990,20,A
5991,20,A
5992,20,C
5993,0,U
5994,0,A
5995,0,C
5996,0,G
5997,0,A
5998,20,U
5999,20,U
6000,20,U
6001,20,C
6002,20,C
6003,20,A
6004,20,A
6005,20,U
6006,0,U
6007,0,C
6008,0,G
6009,0,U
6010,0,A
6011,20,A
6012,20,C
6013,20,A
6014,20,U
6015,20,U
6016,20,A
6017,20,A
6018,20,A
6019,0,C
6020,0,U
6021,0,G
6022,0,C
6023,0,A
6024,20,U
6025,20,U
6026,20,A
6027,20,U
6028,20,U
6029,20,A
6030,20,U
6031,1,U
6032,0,U
6033,0,C
6034,0,U
6035,0,G
6036,0,U
6037,0,U
6038,0,U
6039,20,U
6040,0,A
6041,0,G
6042,0,C
6043,20,A
6044,20,U
6045,20,A
6046,20,G
6047,20,C
6048,0,G
6049,0,C
6050,0,U
6051,20,U
6052,20,U
6053,0,U
6054,0,U
6055,0,U
6056,0,U
6057,0,U
6058,0,U
6059,0,U
6060,0,C
6061,0,U
6062,0,U
6063,0,U
6064,0,U
6065,20,A
6066,20,A
6067,1,U
6068,0,U
6069,0,U
6070,0,G
6071,19,U
6072,19,U
6073,0,G
6074,1,U
6075,20,A
6076,20,A
6077,1,G
6078,0,C
6079,0,A
6080,0,A
6081,0,C
6082,0,A
6083,0,A
6084,1,C
6085,0,G
6086,0,G
6087,0,G
6088,1,U
6089,1,U
6090,0,U
6091,0,U
6092,0,U
6093,0,U
6094,19,G
6095,0,U
6096,0,G
6097,0,C
6098,19,A
6099,20,A
6100,0,U
6101,0,C
6102,1,G
6103,1,C
6104,0,U
6105,0,U
6106,0,G
6107,0,G
6108,0,U
6109,0,G
6110,0,U
6111,19,U
6112,2,G
6113,17,G
6114,0,U
6115,0,U
6116,0,A
6117,0,A
6118,2,A
6119,0,U
6120,0,G
6121,0,G
6122,2,A
6123,20,A
6124,20,A
6125,20,A
6126,20,U
6127,20,A
6128,20,A
6129,19,G
6130,17,G
6131,1,A
6132,0,U
6133,0,G
6134,20,A
6135,20,A
6136,20,A
6137,20,U
6138,19,G
6139,19,A
6140,2,C
6141,3,A
6142,2,U
6143,17,G
6144,17,A
6145,19,C
6146,20,A
6147,19,A
6148,19,A
6149,0,U
6150,1,C
6151,2,U
6152,19,A
6153,2,A
6154,2,U
6155,2,U
6156,2,U
6157,2,A
6158,2,A
6159,19,G
6160,1,C
6161,17,A
6162,18,U
6163,16,C
6164,16,G
6165,16,U
6166,19,A
6167,17,C
6168,17,U
6169,16,U
6170,16,U
6171,17,A
6172,19,A
6173,17,G
6174,16,G
6175,0,U
6176,3,U
6177,3,U
6178,20,A
6179,19,U
6180,0,G
6181,0,C
6182,0,G
6183,0,G
6184,0,G
6185,0,G
6186,0,G
6187,0,C
6188,0,U
6189,0,G
6190,0,U
6191,20,C
6192,0,C
6193,0,A
6194,20,U
6195,0,U
6196,0,G
6197,20,U
6198,0,G
6199,0,G
6200,0,C
6201,0,G
6202,20,C
6203,20,C
6204,20,A
6205,20,C
6206,20,G
6207,20,C
6208,20,C
6209,20,C
6210,20,A
6211,20,C
6212,0,C
6213,0,G
6214,0,C
6215,0,C
6216,0,C
6217,0,G
6218,20,C
6219,0,U
6220,0,G
6221,20,U
6222,0,G
6223,0,C
6224,0,A
6225,0,G
6226,0,C
6227,0,C
6228,0,C
6229,0,C
6230,0,C
6231,0,G
6232,0,U
6233,19,G
6234,20,G
6235,2,A
6236,1,A
6237,1,A
6238,17,A
6239,1,U
6240,2,G
6241,1,G
6242,17,A
6243,0,G
6244,0,G
6245,2,A
6246,2,G
6247,18,A
6248,18,C
6249,17,G
6250,3,U
6251,4,C
6252,4,G
6253,4,A
6254,20,A
6255,4,U
6256,4,G
6257,20,A
6258,14,A
6259,14,C
6260,0,G
6261,0,A
6262,0,G
6263,0,G
6264,0,G
6265,0,A
6266,0,G
6267,20,C
6268,20,A
6269,20,A
6270,20,A
6271,20,U
6272,20,C
6273,0,G
6274,0,A
6275,0,A
6276,0,G
6277,0,C
6278,20,U
6279,20,U
6280,0,G
6281,0,G
6282,0,C
6283,20,A
6284,20,A
6285,20,U
6286,20,G
6287,20,A
6288,20,A
6289,20,C
6290,20,G
6291,20,A
6292,0,G
6293,20,U
6294,0,C
6295,0,C
6296,20,U
6297,20,U
6298,0,G
6299,0,U
6300,0,U
6301,0,U
6302,0,C
6303,20,C
6304,20,A
6305,20,U
6306,20,A
6307,20,U
6308,20,C
6309,0,C
6310,0,U
6311,0,C
6312,0,C
6313,0,C
6314,0,U
6315,0,C
6316,20,A
6317,1,A
6318,1,C
6319,1,U
6320,1,A
6321,1,A
6322,1,C
6323,1,U
6324,1,U
6325,1,A
6326,20,G
6327,0,U
6328,0,U
6329,0,C
6330,0,U
6331,20,U
6332,20,A
6333,20,A
6334,20,C
6335,20,U
6336,0,A
6337,0,G
6338,0,A
6339,0,A
6340,20,A
6341,19,A
6342,19,C
6343,19,U
6344,19,U
6345,19,U
6346,19,C
6347,20,A
6348,19,C
6349,19,U
6350,19,C
6351,20,A
6352,20,C
6353,20,A
6354,20,C
6355,20,A
6356,20,C
6357,20,A
6358,20,U
6359,20,A
6360,20,A
6361,20,C
6362,20,U
6363,20,A
6364,20,C
6365,20,A
6366,20,C
6367,1,A
6368,1,C
6369,1,A
6370,1,U
6371,1,A
6372,1,U
6373,1,A
6374,1,U
6375,20,A
6376,20,A
6377,20,A
6378,20,U
6379,20,A
6380,20,U
6381,20,C
6382,20,A
6383,1,G
6384,1,U
6385,1,U
6386,20,C
6387,0,U
6388,0,G
6389,19,C
6390,20,A
6391,20,C
6392,20,A
6393,20,C
6394,20,A
6395,20,A
6396,20,A
6397,20,A
6398,20,A
6399,20,C
6400,20,A
6401,20,C
6402,20,A
6403,20,C
6404,20,A
6405,20,C
6406,20,A
6407,20,C
6408,20,A
6409,20,C
6410,20,A
6411,20,C
6412,20,A
6413,1,C
6414,1,A
6415,20,C
6416,1,A
6417,1,A
6418,1,C
6419,19,G
6420,19,C
6421,19,A
6422,20,C
6423,19,A
6424,19,C
6425,19,C
6426,19,U
6427,19,U
6428,19,A
6429,0,A
6430,1,U
6431,1,A
6432,0,U
6433,0,A
6434,0,U
6435,0,G
6436,1,U
6437,20,A
6438,19,C
6439,19,U
6440,19,U
6441,19,A
6442,19,A
6443,19,A
6444,19,U
6445,0,U
6446,0,A
6447,1,A
6448,0,G
6449,0,U
6450,0,U
6451,1,A
6452,0,G
6453,0,U
6454,19,U
6455,0,A
6456,0,G
6457,0,U
6458,0,U
6459,1,U
6460,1,A
6461,1,G
6462,1,G
6463,19,C
6464,19,A
6465,20,A
6466,19,U
6467,19,A
6468,19,U
6469,1,C
6470,0,U
6471,0,U
6472,0,G
6473,0,A
6474,0,A
6475,0,C
6476,0,U
6477,19,U
6478,19,G
6479,3,A
6480,3,A
6481,3,A
6482,3,A
6483,2,C
6484,0,G
6485,0,G
6486,3,A
6487,0,U
6488,0,G
6489,0,G
6490,0,C
6491,19,A
6492,0,G
6493,1,C
6494,18,A
6495,18,G
6496,20,A
6497,20,A
6498,20,A
6499,20,A
6500,0,U
6501,0,U
6502,0,U
6503,0,G
6504,0,A
6505,0,U
6506,0,C
6507,0,A
6508,20,A
6509,20,U
6510,0,G
6511,0,A
6512,0,A
6513,0,A
6514,0,A
6515,0,U
6516,0,C
6517,0,U
6518,20,G
6519,20,A
6520,20,G
6521,20,A
6522,20,C
6523,20,U
6524,20,U
6525,20,C
6526,19,C
6527,0,A
6528,0,U
6529,0,G
6530,0,A
6531,1,A
6532,0,A
6533,0,A
6534,0,A
6535,19,U
6536,19,U
6537,20,C
6538,20,C
6539,20,A
6540,19,A
6541,19,A
6542,19,U
6543,19,U
6544,19,U
6545,1,U
6546,0,U
6547,0,U
6548,0,U
6549,0,U
6550,0,C
6551,1,A
6552,0,U
6553,19,U
6554,19,A
6555,19,U
6556,20,C
6557,19,A
6558,19,U
6559,19,A
6560,19,U
6561,0,U
6562,0,U
6563,0,A
6564,1,U
6565,1,C
6566,1,G
6567,20,A
6568,20,A
6569,20,U
6570,19,U
6571,19,U
6572,19,U
6573,19,G
6574,0,U
6575,0,G
6576,0,C
6577,0,G
6578,20,G
6579,20,A
6580,20,A
6581,1,A
6582,1,U
6583,1,G
6584,1,A
6585,1,A
6586,0,C
6587,0,G
6588,1,A
6589,20,G
6590,20,G
6591,20,A
6592,20,A
6593,20,U
6594,20,U
6595,20,A
6596,20,C
6597,20,A
6598,20,A
6599,20,A
6600,20,U
6601,20,U
6602,20,A
6603,20,U
6604,19,U
6605,19,A
6606,19,C
6607,19,A
6608,19,A
6609,18,A
6610,1,U
6611,1,A
6612,1,U
6613,2,A
6614,2,U
6615,19,U
6616,19,A
6617,19,A
6618,18,A
6619,18,U
6620,0,A
6621,0,U
6622,1,A
6623,0,U
6624,0,A
6625,18,A
6626,1,C
6627,0,G
6628,17,A
6629,18,A
6630,17,A
6631,18,A
6632,19,U
6633,18,U
6634,17,G
6635,18,A
6636,17,A
6637,0,C
6638,0,G
6639,17,G
6640,19,A
6641,18,A
6642,17,G
6643,17,G
6644,17,C
6645,3,A
6646,2,A
6647,1,A
6648,1,A
6649,1,A
6650,1,A
6651,0,G
6652,0,C
6653,0,U
6654,19,U
6655,20,A
6656,0,G
6657,0,U
6658,0,U
6659,20,U
6660,20,A
6661,20,U
6662,20,A
6663,20,A
6664,20,A
6665,20,A
6666,20,U
6667,0,G
6668,0,A
6669,0,U
6670,20,A
6671,20,C
6672,1,A
6673,0,G
6674,0,U
6675,0,U
6676,0,U
6677,0,U
6678,0,U
6679,1,U
6680,0,U
6681,17,U
6682,0,U
6683,0,U
6684,20,U
6685,0,U
6686,0,A
6687,0,A
6688,0,U
6689,0,C
6690,0,U
6691,20,A
6692,20,U
6693,20,C
6694,20,C
6695,20,A
6696,0,U
6697,0,U
6698,0,A
6699,20,C
6700,0,G
6701,0,U
6702,0,A
6703,0,U
6704,20,A
6705,20,C
6706,20,U
6707,0,A
6708,0,U
6709,0,A
6710,0,U
6711,20,A
6712,0,U
6713,0,A
6714,0,A
6715,0,A
6716,0,G
6717,0,A
6718,0,U
6719,0,U
6720,0,A
6721,20,U
6722,0,G
6723,0,A
6724,17,G
6725,0,A
6726,2,A
6727,1,G
6728,1,C
6729,1,G
6730,1,A
6731,18,A
6732,3,U
6733,3,U
6734,3,A
6735,3,A
6736,3,U
6737,20,U
6738,20,A
6739,20,A
6740,20,U
6741,20,A
6742,20,A
6743,20,A
6744,20,U
6745,20,A
6746,20,A
6747,20,U
6748,19,A
6749,19,C
6750,19,A
6751,19,U
6752,20,A
6753,19,U
6754,19,G
6755,19,A
6756,19,C
6757,20,A
6758,20,A
6759,20,A
6760,20,A
6761,20,A
6762,20,U
6763,20,C
